2026-08-25 08:28:56 | INFO | P02 | === RUN START ===
2026-08-25 08:28:56 | INFO | P02 | project=P02
2026-08-25 08:28:56 | INFO | P02 | repo_dir=datafun-02-automation
2026-08-25 08:28:56 | INFO | P02 | python=3.14.7
2026-08-25 08:28:56 | INFO | P02 | os=Windows 11
2026-08-25 08:28:56 | INFO | P02 | shell=powershell
2026-08-25 08:28:56 | INFO | P02 | cwd=.
2026-08-25 08:28:56 | INFO | P02 | github_actions=False
2026-08-25 08:28:56 | INFO | P02 | ===================================
2026-08-25 08:28:56 | INFO | P02 | START main()
2026-08-25 08:28:56 | INFO | P02 | ===================================
2026-08-25 08:28:56 | INFO | P02 | -------------------------------
2026-08-25 08:28:56 | INFO | P02 | 01. LOAD the data.
2026-08-25 08:28:56 | INFO | P02 | -------------------------------
2026-08-25 08:28:56 | INFO | P02 | data file = data\penguins.csv
2026-08-25 08:28:56 | INFO | P02 | Data loaded successfully.
2026-08-25 08:28:56 | INFO | P02 | -------------------------------
2026-08-25 08:28:56 | INFO | P02 | 02. INSPECT the data.
2026-08-25 08:28:56 | INFO | P02 | -------------------------------
2026-08-25 08:28:56 | INFO | P02 | START inspect
2026-08-25 08:28:56 | INFO | P02 |    row_count:    344
2026-08-25 08:28:56 | INFO | P02 |    column_count: 8
2026-08-25 08:28:56 | INFO | P02 |    column_names: ['species', 'island', 'bill_length_mm', 'bill_depth_mm', 'flipper_length_mm', 'body_mass_g', 'sex', 'year']
2026-08-25 08:28:56 | INFO | P02 | END inspect. Returning inspection_string.
2026-08-25 08:28:56 | INFO | P02 | 
----------------
Data Inspection:
----------------
    One row means: one penguin
    Row count: 344
    Column count: 8
    Column names: ['species', 'island', 'bill_length_mm', 'bill_depth_mm', 'flipper_length_mm', 'body_mass_g', 'sex', 'year']

---------------
First Few Rows:
---------------
  species     island  bill_length_mm  ...  body_mass_g     sex  year
0  Adelie  Torgersen            39.1  ...       3750.0    male  2007
1  Adelie  Torgersen            39.5  ...       3800.0  female  2007
2  Adelie  Torgersen            40.3  ...       3250.0  female  2007
3  Adelie  Torgersen             NaN  ...          NaN     NaN  2007
4  Adelie  Torgersen            36.7  ...       3450.0  female  2007

[5 rows x 8 columns]

2026-08-25 08:28:56 | INFO | P02 | -------------------------------
2026-08-25 08:28:56 | INFO | P02 | 03. REPEAT logic using a for loop.
2026-08-25 08:28:56 | INFO | P02 | -------------------------------
2026-08-25 08:28:56 | INFO | P02 | Column name: species
2026-08-25 08:28:56 | INFO | P02 | Column name: island
2026-08-25 08:28:56 | INFO | P02 | Column name: bill_length_mm
2026-08-25 08:28:56 | INFO | P02 | Column name: bill_depth_mm
2026-08-25 08:28:56 | INFO | P02 | Column name: flipper_length_mm
2026-08-25 08:28:56 | INFO | P02 | Column name: body_mass_g
2026-08-25 08:28:56 | INFO | P02 | Column name: sex
2026-08-25 08:28:56 | INFO | P02 | Column name: year
2026-08-25 08:28:56 | INFO | P02 | Selected group column: species
2026-08-25 08:28:56 | INFO | P02 | Reason for choosing this group: 
The species column has a small number of unique values.
There are three unique species, so a for loop can
process and log each one.

2026-08-25 08:28:56 | INFO | P02 | Item: Adelie
2026-08-25 08:28:56 | INFO | P02 | Item: Gentoo
2026-08-25 08:28:56 | INFO | P02 | Item: Chinstrap
2026-08-25 08:28:56 | INFO | P02 | -------------------------------
2026-08-25 08:28:56 | INFO | P02 | 04. TRANSFORM one list to another list.
2026-08-25 08:28:56 | INFO | P02 | -------------------------------
2026-08-25 08:28:56 | INFO | P02 | Capitalized column names: ['SPECIES', 'ISLAND', 'BILL_LENGTH_MM', 'BILL_DEPTH_MM', 'FLIPPER_LENGTH_MM', 'BODY_MASS_G', 'SEX', 'YEAR']
2026-08-25 08:28:56 | INFO | P02 | -------------------------------
2026-08-25 08:28:56 | INFO | P02 | 05. BRANCH based on conditions.
2026-08-25 08:28:56 | INFO | P02 | -------------------------------
2026-08-25 08:28:56 | INFO | P02 | Selected measurement column: bill_length_mm
2026-08-25 08:28:56 | INFO | P02 | Reason for choosing this measurement: 
Bill length varies across penguins.
There is no fixed cutoff, so we'll calculate the average
and assign a classification depending on a threshold
around the average value.

2026-08-25 08:28:56 | INFO | P02 | bill_length_mm - Minimum: 32.1
2026-08-25 08:28:56 | INFO | P02 | bill_length_mm - Maximum:  59.6
2026-08-25 08:28:56 | INFO | P02 | bill_length_mm - Mean:     43.9219298245614
2026-08-25 08:28:56 | INFO | P02 | -------------------------------
2026-08-25 08:28:56 | INFO | P02 | Sample bill_length_mm: 39.1
2026-08-25 08:28:56 | INFO | P02 | Short threshold multiplier: 0.9
2026-08-25 08:28:56 | INFO | P02 | Long threshold multiplier:  1.1
2026-08-25 08:28:56 | INFO | P02 | Short threshold: 39.529736842105265
2026-08-25 08:28:56 | INFO | P02 | Long threshold:  48.31412280701755
2026-08-25 08:28:56 | INFO | P02 | First row bill_length_mm classification: SHORT
2026-08-25 08:28:56 | INFO | P02 | -------------------------------
2026-08-25 08:28:56 | INFO | P02 | 06. REPEAT while a condition is true.
2026-08-25 08:28:56 | INFO | P02 | -------------------------------
2026-08-25 08:28:56 | INFO | P02 | Starting to process measurements periodically...
2026-08-25 08:28:56 | INFO | P02 | Max records to process: 10
2026-08-25 08:28:56 | INFO | P02 | Stream wait seconds: 1
2026-08-25 08:28:56 | INFO | P02 | Current count: 0
2026-08-25 08:28:56 | INFO | P02 | Current bill_length_mm: 39.1
2026-08-25 08:28:56 | INFO | P02 | Updated count: 1
2026-08-25 08:28:57 | INFO | P02 | Current bill_length_mm: 39.5
2026-08-25 08:28:57 | INFO | P02 | Updated count: 2
2026-08-25 08:28:58 | INFO | P02 | Current bill_length_mm: 40.3
2026-08-25 08:28:58 | INFO | P02 | Updated count: 3
2026-08-25 08:28:59 | INFO | P02 | Current bill_length_mm: nan
2026-08-25 08:28:59 | INFO | P02 | Updated count: 4
2026-08-25 08:29:00 | INFO | P02 | Current bill_length_mm: 36.7
2026-08-25 08:29:00 | INFO | P02 | Updated count: 5
2026-08-25 08:29:01 | INFO | P02 | Current bill_length_mm: 39.3
2026-08-25 08:29:01 | INFO | P02 | Updated count: 6
2026-08-25 08:29:02 | INFO | P02 | Current bill_length_mm: 38.9
2026-08-25 08:29:02 | INFO | P02 | Updated count: 7
2026-08-25 08:29:03 | INFO | P02 | Current bill_length_mm: 39.2
2026-08-25 08:29:03 | INFO | P02 | Updated count: 8
2026-08-25 08:29:04 | INFO | P02 | Current bill_length_mm: 34.1
2026-08-25 08:29:04 | INFO | P02 | Updated count: 9
2026-08-25 08:29:05 | INFO | P02 | Current bill_length_mm: 42.0
2026-08-25 08:29:05 | INFO | P02 | Updated count: 10
2026-08-25 08:29:06 | INFO | P02 | -------------------------------
2026-08-25 08:29:06 | INFO | P02 | 07. VISUALIZE the selected measurement.
2026-08-25 08:29:06 | INFO | P02 | -------------------------------
2026-08-25 08:29:06 | INFO | P02 | Creating a chart to visualize the selected measurement.
2026-08-25 08:29:06 | INFO | P02 | We selected one numeric column, so let's look at the distribution.
2026-08-25 08:29:06 | INFO | P02 | Chart saved successfully at docs\images\measurement-distribution.png.
2026-08-25 08:29:06 | INFO | P02 | IMPORTANT: Close chart window to continue by clicking its X or close button.
2026-08-25 08:29:06 | INFO | P02 | ===================================
2026-08-25 08:29:06 | INFO | P02 | END main() - Executed successfully!
2026-08-25 08:29:06 | INFO | P02 | ===================================
2026-08-31 10:38:49 | INFO | P02 | === RUN START ===
2026-08-31 10:38:49 | INFO | P02 | project=P02
2026-08-31 10:38:49 | INFO | P02 | repo_dir=datafun-02-automation
2026-08-31 10:38:49 | INFO | P02 | python=3.14.7
2026-08-31 10:38:49 | INFO | P02 | os=Darwin 23.5.0
2026-08-31 10:38:49 | INFO | P02 | shell=zsh
2026-08-31 10:38:49 | INFO | P02 | cwd=.
2026-08-31 10:38:49 | INFO | P02 | github_actions=False
2026-08-31 10:38:49 | INFO | P02 | ===================================
2026-08-31 10:38:49 | INFO | P02 | START main()
2026-08-31 10:38:49 | INFO | P02 | ===================================
2026-08-31 10:38:49 | INFO | P02 | -------------------------------
2026-08-31 10:38:49 | INFO | P02 | 01. LOAD the data.
2026-08-31 10:38:49 | INFO | P02 | -------------------------------
2026-08-31 10:38:49 | INFO | P02 | data file = data/penguins.csv
2026-08-31 10:38:49 | INFO | P02 | Data loaded successfully.
2026-08-31 10:38:49 | INFO | P02 | -------------------------------
2026-08-31 10:38:49 | INFO | P02 | 02. INSPECT the data.
2026-08-31 10:38:49 | INFO | P02 | -------------------------------
2026-08-31 10:38:49 | INFO | P02 | START inspect
2026-08-31 10:38:49 | INFO | P02 |    row_count:    344
2026-08-31 10:38:49 | INFO | P02 |    column_count: 8
2026-08-31 10:38:49 | INFO | P02 |    column_names: ['species', 'island', 'bill_length_mm', 'bill_depth_mm', 'flipper_length_mm', 'body_mass_g', 'sex', 'year']
2026-08-31 10:38:49 | INFO | P02 | END inspect. Returning inspection_string.
2026-08-31 10:38:49 | INFO | P02 | 
----------------
Data Inspection:
----------------
    One row means: one penguin
    Row count: 344
    Column count: 8
    Column names: ['species', 'island', 'bill_length_mm', 'bill_depth_mm', 'flipper_length_mm', 'body_mass_g', 'sex', 'year']

---------------
First Few Rows:
---------------
  species     island  bill_length_mm  bill_depth_mm  flipper_length_mm  body_mass_g     sex  year
0  Adelie  Torgersen            39.1           18.7              181.0       3750.0    male  2007
1  Adelie  Torgersen            39.5           17.4              186.0       3800.0  female  2007
2  Adelie  Torgersen            40.3           18.0              195.0       3250.0  female  2007
3  Adelie  Torgersen             NaN            NaN                NaN          NaN     NaN  2007
4  Adelie  Torgersen            36.7           19.3              193.0       3450.0  female  2007

2026-08-31 10:38:49 | INFO | P02 | -------------------------------
2026-08-31 10:38:49 | INFO | P02 | 03. REPEAT logic using a for loop.
2026-08-31 10:38:49 | INFO | P02 | -------------------------------
2026-08-31 10:38:49 | INFO | P02 | Column name: species
2026-08-31 10:38:49 | INFO | P02 | Column name: island
2026-08-31 10:38:49 | INFO | P02 | Column name: bill_length_mm
2026-08-31 10:38:49 | INFO | P02 | Column name: bill_depth_mm
2026-08-31 10:38:49 | INFO | P02 | Column name: flipper_length_mm
2026-08-31 10:38:49 | INFO | P02 | Column name: body_mass_g
2026-08-31 10:38:49 | INFO | P02 | Column name: sex
2026-08-31 10:38:49 | INFO | P02 | Column name: year
2026-08-31 10:38:49 | INFO | P02 | Selected group column: species
2026-08-31 10:38:49 | INFO | P02 | Reason for choosing this group: 
The species column has a small number of unique values.
There are three unique species, so a for loop can
process and log each one.

2026-08-31 10:38:49 | INFO | P02 | Item: Adelie
2026-08-31 10:38:49 | INFO | P02 | Item: Gentoo
2026-08-31 10:38:49 | INFO | P02 | Item: Chinstrap
2026-08-31 10:38:49 | INFO | P02 | -------------------------------
2026-08-31 10:38:49 | INFO | P02 | 04. TRANSFORM one list to another list.
2026-08-31 10:38:49 | INFO | P02 | -------------------------------
2026-08-31 10:38:49 | INFO | P02 | Capitalized column names: ['SPECIES', 'ISLAND', 'BILL_LENGTH_MM', 'BILL_DEPTH_MM', 'FLIPPER_LENGTH_MM', 'BODY_MASS_G', 'SEX', 'YEAR']
2026-08-31 10:38:49 | INFO | P02 | -------------------------------
2026-08-31 10:38:49 | INFO | P02 | 05. BRANCH based on conditions.
2026-08-31 10:38:49 | INFO | P02 | -------------------------------
2026-08-31 10:38:49 | INFO | P02 | Selected measurement column: bill_length_mm
2026-08-31 10:38:49 | INFO | P02 | Reason for choosing this measurement: 
Bill length varies across penguins.
There is no fixed cutoff, so we'll calculate the average
and assign a classification depending on a threshold
around the average value.

2026-08-31 10:38:49 | INFO | P02 | bill_length_mm - Minimum: 32.1
2026-08-31 10:38:49 | INFO | P02 | bill_length_mm - Maximum:  59.6
2026-08-31 10:38:49 | INFO | P02 | bill_length_mm - Mean:     43.9219298245614
2026-08-31 10:38:49 | INFO | P02 | -------------------------------
2026-08-31 10:38:49 | INFO | P02 | Sample bill_length_mm: 39.1
2026-08-31 10:38:49 | INFO | P02 | Short threshold multiplier: 0.9
2026-08-31 10:38:49 | INFO | P02 | Long threshold multiplier:  1.1
2026-08-31 10:38:49 | INFO | P02 | Short threshold: 39.529736842105265
2026-08-31 10:38:49 | INFO | P02 | Long threshold:  48.31412280701755
2026-08-31 10:38:49 | INFO | P02 | First row bill_length_mm classification: SHORT
2026-08-31 10:38:49 | INFO | P02 | -------------------------------
2026-08-31 10:38:49 | INFO | P02 | 06. REPEAT while a condition is true.
2026-08-31 10:38:49 | INFO | P02 | -------------------------------
2026-08-31 10:38:49 | INFO | P02 | Starting to process measurements periodically...
2026-08-31 10:38:49 | INFO | P02 | Max records to process: 10
2026-08-31 10:38:49 | INFO | P02 | Stream wait seconds: 1
2026-08-31 10:38:49 | INFO | P02 | Current count: 0
2026-08-31 10:38:49 | INFO | P02 | Current bill_length_mm: 39.1
2026-08-31 10:38:49 | INFO | P02 | Updated count: 1
2026-08-31 10:38:50 | INFO | P02 | Current bill_length_mm: 39.5
2026-08-31 10:38:50 | INFO | P02 | Updated count: 2
2026-08-31 10:38:51 | INFO | P02 | Current bill_length_mm: 40.3
2026-08-31 10:38:51 | INFO | P02 | Updated count: 3
2026-08-31 10:38:52 | INFO | P02 | Current bill_length_mm: nan
2026-08-31 10:38:52 | INFO | P02 | Updated count: 4
2026-08-31 10:38:53 | INFO | P02 | Current bill_length_mm: 36.7
2026-08-31 10:38:53 | INFO | P02 | Updated count: 5
2026-08-31 10:38:54 | INFO | P02 | Current bill_length_mm: 39.3
2026-08-31 10:38:54 | INFO | P02 | Updated count: 6
2026-08-31 10:38:55 | INFO | P02 | Current bill_length_mm: 38.9
2026-08-31 10:38:55 | INFO | P02 | Updated count: 7
2026-08-31 10:38:56 | INFO | P02 | Current bill_length_mm: 39.2
2026-08-31 10:38:56 | INFO | P02 | Updated count: 8
2026-08-31 10:38:57 | INFO | P02 | Current bill_length_mm: 34.1
2026-08-31 10:38:57 | INFO | P02 | Updated count: 9
2026-08-31 10:38:58 | INFO | P02 | Current bill_length_mm: 42.0
2026-08-31 10:38:58 | INFO | P02 | Updated count: 10
2026-08-31 10:38:59 | INFO | P02 | -------------------------------
2026-08-31 10:38:59 | INFO | P02 | 07. VISUALIZE the selected measurement.
2026-08-31 10:38:59 | INFO | P02 | -------------------------------
2026-08-31 10:38:59 | INFO | P02 | Creating a chart to visualize the selected measurement.
2026-08-31 10:38:59 | INFO | P02 | We selected one numeric column, so let's look at the distribution.
2026-08-31 10:38:59 | INFO | P02 | Chart saved successfully at docs/images/measurement-distribution.png.
2026-08-31 10:38:59 | INFO | P02 | IMPORTANT: Close chart window to continue by clicking its X or close button.
2026-08-31 10:52:50 | INFO | P02 | ===================================
2026-08-31 10:52:50 | INFO | P02 | END main() - Executed successfully!
2026-08-31 10:52:50 | INFO | P02 | ===================================
2026-08-31 13:41:07 | INFO | P02 | === RUN START ===
2026-08-31 13:41:07 | INFO | P02 | project=P02
2026-08-31 13:41:07 | INFO | P02 | repo_dir=datafun-02-automation
2026-08-31 13:41:07 | INFO | P02 | python=3.14.7
2026-08-31 13:41:07 | INFO | P02 | os=Darwin 23.5.0
2026-08-31 13:41:07 | INFO | P02 | shell=zsh
2026-08-31 13:41:07 | INFO | P02 | cwd=.
2026-08-31 13:41:07 | INFO | P02 | github_actions=False
2026-08-31 13:41:07 | INFO | P02 | ===================================
2026-08-31 13:41:07 | INFO | P02 | START main()
2026-08-31 13:41:07 | INFO | P02 | ===================================
2026-08-31 13:41:07 | INFO | P02 | -------------------------------
2026-08-31 13:41:07 | INFO | P02 | 01. LOAD the data.
2026-08-31 13:41:07 | INFO | P02 | -------------------------------
2026-08-31 13:41:07 | INFO | P02 | data file = data/penguins.csv
2026-08-31 13:41:07 | INFO | P02 | Data loaded successfully.
2026-08-31 13:41:07 | INFO | P02 | -------------------------------
2026-08-31 13:41:07 | INFO | P02 | 02. INSPECT the data.
2026-08-31 13:41:07 | INFO | P02 | -------------------------------
2026-08-31 13:41:07 | INFO | P02 | START inspect
2026-08-31 13:41:07 | INFO | P02 |    row_count:    344
2026-08-31 13:41:07 | INFO | P02 |    column_count: 8
2026-08-31 13:41:07 | INFO | P02 |    column_names: ['species', 'island', 'bill_length_mm', 'bill_depth_mm', 'flipper_length_mm', 'body_mass_g', 'sex', 'year']
2026-08-31 13:41:07 | INFO | P02 | END inspect. Returning inspection_string.
2026-08-31 13:41:07 | INFO | P02 | 
----------------
Data Inspection:
----------------
    One row means: one penguin
    Row count: 344
    Column count: 8
    Column names: ['species', 'island', 'bill_length_mm', 'bill_depth_mm', 'flipper_length_mm', 'body_mass_g', 'sex', 'year']

---------------
First Few Rows:
---------------
  species     island  bill_length_mm  bill_depth_mm  flipper_length_mm  body_mass_g     sex  year
0  Adelie  Torgersen            39.1           18.7              181.0       3750.0    male  2007
1  Adelie  Torgersen            39.5           17.4              186.0       3800.0  female  2007
2  Adelie  Torgersen            40.3           18.0              195.0       3250.0  female  2007
3  Adelie  Torgersen             NaN            NaN                NaN          NaN     NaN  2007
4  Adelie  Torgersen            36.7           19.3              193.0       3450.0  female  2007

2026-08-31 13:41:07 | INFO | P02 | -------------------------------
2026-08-31 13:41:07 | INFO | P02 | 03. REPEAT logic using a for loop.
2026-08-31 13:41:07 | INFO | P02 | -------------------------------
2026-08-31 13:41:07 | INFO | P02 | Column name: species
2026-08-31 13:41:07 | INFO | P02 | Column name: island
2026-08-31 13:41:07 | INFO | P02 | Column name: bill_length_mm
2026-08-31 13:41:07 | INFO | P02 | Column name: bill_depth_mm
2026-08-31 13:41:07 | INFO | P02 | Column name: flipper_length_mm
2026-08-31 13:41:07 | INFO | P02 | Column name: body_mass_g
2026-08-31 13:41:07 | INFO | P02 | Column name: sex
2026-08-31 13:41:07 | INFO | P02 | Column name: year
2026-08-31 13:41:07 | INFO | P02 | Selected group column: species
2026-08-31 13:41:07 | INFO | P02 | Reason for choosing this group: 
The species column has a small number of unique values.
There are three unique species, so a for loop can
process and log each one.

2026-08-31 13:41:07 | INFO | P02 | Item: Adelie
2026-08-31 13:41:07 | INFO | P02 | Item: Gentoo
2026-08-31 13:41:07 | INFO | P02 | Item: Chinstrap
2026-08-31 13:41:07 | INFO | P02 | -------------------------------
2026-08-31 13:41:07 | INFO | P02 | 04. TRANSFORM one list to another list.
2026-08-31 13:41:07 | INFO | P02 | -------------------------------
2026-08-31 13:41:07 | INFO | P02 | Capitalized column names: ['SPECIES', 'ISLAND', 'BILL_LENGTH_MM', 'BILL_DEPTH_MM', 'FLIPPER_LENGTH_MM', 'BODY_MASS_G', 'SEX', 'YEAR']
2026-08-31 13:41:07 | INFO | P02 | -------------------------------
2026-08-31 13:41:07 | INFO | P02 | 05. BRANCH based on conditions.
2026-08-31 13:41:07 | INFO | P02 | -------------------------------
2026-08-31 13:41:07 | INFO | P02 | Selected measurement column: bill_length_mm
2026-08-31 13:41:07 | INFO | P02 | Reason for choosing this measurement: 
Bill length varies across penguins.
There is no fixed cutoff, so we'll calculate the average
and assign a classification depending on a threshold
around the average value.

2026-08-31 13:41:07 | INFO | P02 | bill_length_mm - Minimum: 32.1
2026-08-31 13:41:07 | INFO | P02 | bill_length_mm - Maximum:  59.6
2026-08-31 13:41:07 | INFO | P02 | bill_length_mm - Mean:     43.9219298245614
2026-08-31 13:41:07 | INFO | P02 | -------------------------------
2026-08-31 13:41:07 | INFO | P02 | Sample bill_length_mm: 39.1
2026-08-31 13:41:07 | INFO | P02 | Short threshold multiplier: 0.9
2026-08-31 13:41:07 | INFO | P02 | Long threshold multiplier:  1.1
2026-08-31 13:41:07 | INFO | P02 | Short threshold: 39.529736842105265
2026-08-31 13:41:07 | INFO | P02 | Long threshold:  48.31412280701755
2026-08-31 13:41:07 | INFO | P02 | First row bill_length_mm classification: SHORT
2026-08-31 13:41:07 | INFO | P02 | -------------------------------
2026-08-31 13:41:07 | INFO | P02 | 06. REPEAT while a condition is true.
2026-08-31 13:41:07 | INFO | P02 | -------------------------------
2026-08-31 13:41:07 | INFO | P02 | Starting to process measurements periodically...
2026-08-31 13:41:07 | INFO | P02 | Max records to process: 10
2026-08-31 13:41:07 | INFO | P02 | Stream wait seconds: 1
2026-08-31 13:41:07 | INFO | P02 | Current count: 0
2026-08-31 13:41:07 | INFO | P02 | Current bill_length_mm: 39.1
2026-08-31 13:41:07 | INFO | P02 | Updated count: 1
2026-08-31 13:41:08 | INFO | P02 | Current bill_length_mm: 39.5
2026-08-31 13:41:08 | INFO | P02 | Updated count: 2
2026-08-31 13:41:09 | INFO | P02 | Current bill_length_mm: 40.3
2026-08-31 13:41:09 | INFO | P02 | Updated count: 3
2026-08-31 13:41:10 | INFO | P02 | Current bill_length_mm: nan
2026-08-31 13:41:10 | INFO | P02 | Updated count: 4
2026-08-31 13:41:11 | INFO | P02 | Current bill_length_mm: 36.7
2026-08-31 13:41:11 | INFO | P02 | Updated count: 5
2026-08-31 13:41:12 | INFO | P02 | Current bill_length_mm: 39.3
2026-08-31 13:41:12 | INFO | P02 | Updated count: 6
2026-08-31 13:41:13 | INFO | P02 | Current bill_length_mm: 38.9
2026-08-31 13:41:13 | INFO | P02 | Updated count: 7
2026-08-31 13:41:14 | INFO | P02 | Current bill_length_mm: 39.2
2026-08-31 13:41:14 | INFO | P02 | Updated count: 8
2026-08-31 13:41:15 | INFO | P02 | Current bill_length_mm: 34.1
2026-08-31 13:41:15 | INFO | P02 | Updated count: 9
2026-08-31 13:41:16 | INFO | P02 | Current bill_length_mm: 42.0
2026-08-31 13:41:16 | INFO | P02 | Updated count: 10
2026-08-31 13:41:17 | INFO | P02 | -------------------------------
2026-08-31 13:41:17 | INFO | P02 | 07. VISUALIZE the selected measurement.
2026-08-31 13:41:17 | INFO | P02 | -------------------------------
2026-08-31 13:41:17 | INFO | P02 | Creating a chart to visualize the selected measurement.
2026-08-31 13:41:17 | INFO | P02 | We selected one numeric column, so let's look at the distribution.
2026-08-31 13:41:18 | INFO | P02 | Chart saved successfully at docs/images/measurement-distribution.png.
2026-08-31 13:41:18 | INFO | P02 | IMPORTANT: Close chart window to continue by clicking its X or close button.
2026-08-31 13:41:20 | INFO | P02 | ===================================
2026-08-31 13:41:20 | INFO | P02 | END main() - Executed successfully!
2026-08-31 13:41:20 | INFO | P02 | ===================================
2026-08-31 15:05:18 | INFO | P02 | Current bill_length_mm: 39.1
2026-08-31 15:05:43 | INFO | P02 | Current bill_length_mm: 39.1
2026-08-31 15:11:58 | INFO | P02 | Data loaded successfully.
2026-08-31 15:11:58 | INFO | P02 | -------------------------------
2026-08-31 15:11:58 | INFO | P02 | 02. INSPECT the data.
2026-08-31 15:11:58 | INFO | P02 | -------------------------------
2026-08-31 15:11:58 | INFO | P02 | START inspect
2026-08-31 15:11:58 | INFO | P02 |    row_count:    344
2026-08-31 15:11:58 | INFO | P02 |    column_count: 8
2026-08-31 15:11:58 | INFO | P02 |    column_names: ['species', 'island', 'bill_length_mm', 'bill_depth_mm', 'flipper_length_mm', 'body_mass_g', 'sex', 'year']
2026-08-31 15:11:59 | INFO | P02 | END inspect. Returning inspection_string.
2026-08-31 15:11:59 | INFO | P02 | 
----------------
Data Inspection:
----------------
    One row means: one penguin
    Row count: 344
    Column count: 8
    Column names: ['species', 'island', 'bill_length_mm', 'bill_depth_mm', 'flipper_length_mm', 'body_mass_g', 'sex', 'year']

---------------
First Few Rows:
---------------
  species     island  bill_length_mm  bill_depth_mm  flipper_length_mm  body_mass_g     sex  year
0  Adelie  Torgersen            39.1           18.7              181.0       3750.0    male  2007
1  Adelie  Torgersen            39.5           17.4              186.0       3800.0  female  2007
2  Adelie  Torgersen            40.3           18.0              195.0       3250.0  female  2007
3  Adelie  Torgersen             NaN            NaN                NaN          NaN     NaN  2007
4  Adelie  Torgersen            36.7           19.3              193.0       3450.0  female  2007

2026-08-31 15:11:59 | INFO | P02 | -------------------------------
2026-08-31 15:11:59 | INFO | P02 | 03. REPEAT logic using a for loop.
2026-08-31 15:11:59 | INFO | P02 | -------------------------------
2026-08-31 15:11:59 | INFO | P02 | Column name: species
2026-08-31 15:11:59 | INFO | P02 | Column name: island
2026-08-31 15:11:59 | INFO | P02 | Column name: bill_length_mm
2026-08-31 15:11:59 | INFO | P02 | Column name: bill_depth_mm
2026-08-31 15:11:59 | INFO | P02 | Column name: flipper_length_mm
2026-08-31 15:11:59 | INFO | P02 | Column name: body_mass_g
2026-08-31 15:11:59 | INFO | P02 | Column name: sex
2026-08-31 15:11:59 | INFO | P02 | Column name: year
2026-08-31 15:11:59 | INFO | P02 | Selected group column: species
2026-08-31 15:11:59 | INFO | P02 | Reason for choosing this group: 
The species column has a small number of unique values.
There are three unique species, so a for loop can
process and log each one.

2026-08-31 15:11:59 | INFO | P02 | Item: Adelie
2026-08-31 15:11:59 | INFO | P02 | -------------------------------
2026-08-31 15:11:59 | INFO | P02 | 04. TRANSFORM one list to another list.
2026-08-31 15:11:59 | INFO | P02 | -------------------------------
2026-08-31 15:11:59 | INFO | P02 | Capitalized column names: ['SPECIES', 'ISLAND', 'BILL_LENGTH_MM', 'BILL_DEPTH_MM', 'FLIPPER_LENGTH_MM', 'BODY_MASS_G', 'SEX', 'YEAR']
2026-08-31 15:11:59 | INFO | P02 | -------------------------------
2026-08-31 15:11:59 | INFO | P02 | 05. BRANCH based on conditions.
2026-08-31 15:11:59 | INFO | P02 | -------------------------------
2026-08-31 15:11:59 | INFO | P02 | Selected measurement column: bill_length_mm
2026-08-31 15:11:59 | INFO | P02 | Reason for choosing this measurement: 
Bill length varies across penguins.
There is no fixed cutoff, so we'll calculate the average
and assign a classification depending on a threshold
around the average value.

2026-08-31 15:11:59 | INFO | P02 | bill_length_mm - Minimum: 32.1
2026-08-31 15:11:59 | INFO | P02 | bill_length_mm - Maximum:  59.6
2026-08-31 15:11:59 | INFO | P02 | bill_length_mm - Mean:     43.9219298245614
2026-08-31 15:11:59 | INFO | P02 | -------------------------------
2026-08-31 15:11:59 | INFO | P02 | Sample bill_length_mm: 39.1
2026-08-31 15:11:59 | INFO | P02 | Short threshold multiplier: 0.9
2026-08-31 15:11:59 | INFO | P02 | Long threshold multiplier:  1.1
2026-08-31 15:11:59 | INFO | P02 | Short threshold: 39.529736842105265
2026-08-31 15:11:59 | INFO | P02 | Long threshold:  48.31412280701755
2026-08-31 15:11:59 | INFO | P02 | First row bill_length_mm classification: SHORT
2026-08-31 15:11:59 | INFO | P02 | -------------------------------
2026-08-31 15:11:59 | INFO | P02 | 06. REPEAT while a condition is true.
2026-08-31 15:11:59 | INFO | P02 | -------------------------------
2026-08-31 15:11:59 | INFO | P02 | Starting to process measurements periodically...
2026-08-31 15:11:59 | INFO | P02 | Max records to process: 10
2026-08-31 15:11:59 | INFO | P02 | Stream wait seconds: 1
2026-08-31 15:11:59 | INFO | P02 | Current count: 0
2026-08-31 15:11:59 | INFO | P02 | Item: Gentoo
2026-08-31 15:11:59 | INFO | P02 | -------------------------------
2026-08-31 15:11:59 | INFO | P02 | 04. TRANSFORM one list to another list.
2026-08-31 15:11:59 | INFO | P02 | -------------------------------
2026-08-31 15:11:59 | INFO | P02 | Capitalized column names: ['SPECIES', 'ISLAND', 'BILL_LENGTH_MM', 'BILL_DEPTH_MM', 'FLIPPER_LENGTH_MM', 'BODY_MASS_G', 'SEX', 'YEAR']
2026-08-31 15:11:59 | INFO | P02 | -------------------------------
2026-08-31 15:11:59 | INFO | P02 | 05. BRANCH based on conditions.
2026-08-31 15:11:59 | INFO | P02 | -------------------------------
2026-08-31 15:11:59 | INFO | P02 | Selected measurement column: bill_length_mm
2026-08-31 15:11:59 | INFO | P02 | Reason for choosing this measurement: 
Bill length varies across penguins.
There is no fixed cutoff, so we'll calculate the average
and assign a classification depending on a threshold
around the average value.

2026-08-31 15:11:59 | INFO | P02 | bill_length_mm - Minimum: 32.1
2026-08-31 15:11:59 | INFO | P02 | bill_length_mm - Maximum:  59.6
2026-08-31 15:11:59 | INFO | P02 | bill_length_mm - Mean:     43.9219298245614
2026-08-31 15:11:59 | INFO | P02 | -------------------------------
2026-08-31 15:11:59 | INFO | P02 | Sample bill_length_mm: 39.1
2026-08-31 15:11:59 | INFO | P02 | Short threshold multiplier: 0.9
2026-08-31 15:11:59 | INFO | P02 | Long threshold multiplier:  1.1
2026-08-31 15:11:59 | INFO | P02 | Short threshold: 39.529736842105265
2026-08-31 15:11:59 | INFO | P02 | Long threshold:  48.31412280701755
2026-08-31 15:11:59 | INFO | P02 | First row bill_length_mm classification: SHORT
2026-08-31 15:11:59 | INFO | P02 | -------------------------------
2026-08-31 15:11:59 | INFO | P02 | 06. REPEAT while a condition is true.
2026-08-31 15:11:59 | INFO | P02 | -------------------------------
2026-08-31 15:11:59 | INFO | P02 | Starting to process measurements periodically...
2026-08-31 15:11:59 | INFO | P02 | Max records to process: 10
2026-08-31 15:11:59 | INFO | P02 | Stream wait seconds: 1
2026-08-31 15:11:59 | INFO | P02 | Current count: 0
2026-08-31 15:11:59 | INFO | P02 | Item: Chinstrap
2026-08-31 15:11:59 | INFO | P02 | -------------------------------
2026-08-31 15:11:59 | INFO | P02 | 04. TRANSFORM one list to another list.
2026-08-31 15:11:59 | INFO | P02 | -------------------------------
2026-08-31 15:11:59 | INFO | P02 | Capitalized column names: ['SPECIES', 'ISLAND', 'BILL_LENGTH_MM', 'BILL_DEPTH_MM', 'FLIPPER_LENGTH_MM', 'BODY_MASS_G', 'SEX', 'YEAR']
2026-08-31 15:11:59 | INFO | P02 | -------------------------------
2026-08-31 15:11:59 | INFO | P02 | 05. BRANCH based on conditions.
2026-08-31 15:11:59 | INFO | P02 | -------------------------------
2026-08-31 15:11:59 | INFO | P02 | Selected measurement column: bill_length_mm
2026-08-31 15:11:59 | INFO | P02 | Reason for choosing this measurement: 
Bill length varies across penguins.
There is no fixed cutoff, so we'll calculate the average
and assign a classification depending on a threshold
around the average value.

2026-08-31 15:11:59 | INFO | P02 | bill_length_mm - Minimum: 32.1
2026-08-31 15:11:59 | INFO | P02 | bill_length_mm - Maximum:  59.6
2026-08-31 15:11:59 | INFO | P02 | bill_length_mm - Mean:     43.9219298245614
2026-08-31 15:11:59 | INFO | P02 | -------------------------------
2026-08-31 15:11:59 | INFO | P02 | Sample bill_length_mm: 39.1
2026-08-31 15:11:59 | INFO | P02 | Short threshold multiplier: 0.9
2026-08-31 15:11:59 | INFO | P02 | Long threshold multiplier:  1.1
2026-08-31 15:11:59 | INFO | P02 | Short threshold: 39.529736842105265
2026-08-31 15:11:59 | INFO | P02 | Long threshold:  48.31412280701755
2026-08-31 15:11:59 | INFO | P02 | First row bill_length_mm classification: SHORT
2026-08-31 15:11:59 | INFO | P02 | -------------------------------
2026-08-31 15:11:59 | INFO | P02 | 06. REPEAT while a condition is true.
2026-08-31 15:11:59 | INFO | P02 | -------------------------------
2026-08-31 15:11:59 | INFO | P02 | Starting to process measurements periodically...
2026-08-31 15:11:59 | INFO | P02 | Max records to process: 10
2026-08-31 15:11:59 | INFO | P02 | Stream wait seconds: 1
2026-08-31 15:11:59 | INFO | P02 | Current count: 0
2026-08-31 15:11:59 | INFO | P02 | Current bill_length_mm: 39.1
2026-08-31 15:11:59 | INFO | P02 | Bill length classification: SHORT
2026-08-31 15:11:59 | INFO | P02 | Updated count: 1
2026-08-31 15:12:00 | INFO | P02 | -------------------------------
2026-08-31 15:12:00 | INFO | P02 | 07. VISUALIZE the selected measurement.
2026-08-31 15:12:00 | INFO | P02 | -------------------------------
2026-08-31 15:12:00 | INFO | P02 | Creating a chart to visualize the selected measurement.
2026-08-31 15:12:00 | INFO | P02 | We selected one numeric column, so let's look at the distribution.
2026-08-31 15:12:00 | INFO | P02 | Chart saved successfully at docs/images/measurement-distribution.png.
2026-08-31 15:12:00 | INFO | P02 | IMPORTANT: Close chart window to continue by clicking its X or close button.
2026-08-31 15:12:03 | INFO | P02 | ===================================
2026-08-31 15:12:03 | INFO | P02 | END main() - Executed successfully!
2026-08-31 15:12:03 | INFO | P02 | ===================================
2026-08-31 15:12:03 | INFO | P02 | Current bill_length_mm: 39.5
2026-08-31 15:12:03 | INFO | P02 | Bill length classification: SHORT
2026-08-31 15:12:03 | INFO | P02 | Updated count: 2
2026-08-31 15:12:04 | INFO | P02 | -------------------------------
2026-08-31 15:12:04 | INFO | P02 | 07. VISUALIZE the selected measurement.
2026-08-31 15:12:04 | INFO | P02 | -------------------------------
2026-08-31 15:12:04 | INFO | P02 | Creating a chart to visualize the selected measurement.
2026-08-31 15:12:04 | INFO | P02 | We selected one numeric column, so let's look at the distribution.
2026-08-31 15:12:04 | INFO | P02 | Chart saved successfully at docs/images/measurement-distribution.png.
2026-08-31 15:12:04 | INFO | P02 | IMPORTANT: Close chart window to continue by clicking its X or close button.
2026-08-31 15:12:06 | INFO | P02 | ===================================
2026-08-31 15:12:06 | INFO | P02 | END main() - Executed successfully!
2026-08-31 15:12:06 | INFO | P02 | ===================================
2026-08-31 15:12:06 | INFO | P02 | Current bill_length_mm: 40.3
2026-08-31 15:12:06 | INFO | P02 | Bill length classification: MEDIUM
2026-08-31 15:12:06 | INFO | P02 | Updated count: 3
2026-08-31 15:12:07 | INFO | P02 | -------------------------------
2026-08-31 15:12:07 | INFO | P02 | 07. VISUALIZE the selected measurement.
2026-08-31 15:12:07 | INFO | P02 | -------------------------------
2026-08-31 15:12:07 | INFO | P02 | Creating a chart to visualize the selected measurement.
2026-08-31 15:12:07 | INFO | P02 | We selected one numeric column, so let's look at the distribution.
2026-08-31 15:12:07 | INFO | P02 | Chart saved successfully at docs/images/measurement-distribution.png.
2026-08-31 15:12:07 | INFO | P02 | IMPORTANT: Close chart window to continue by clicking its X or close button.
2026-08-31 15:12:09 | INFO | P02 | ===================================
2026-08-31 15:12:09 | INFO | P02 | END main() - Executed successfully!
2026-08-31 15:12:09 | INFO | P02 | ===================================
2026-08-31 15:12:09 | INFO | P02 | Current bill_length_mm: nan
2026-08-31 15:12:09 | INFO | P02 | Bill length classification: MEDIUM
2026-08-31 15:12:09 | INFO | P02 | Updated count: 4
2026-08-31 15:12:10 | INFO | P02 | -------------------------------
2026-08-31 15:12:10 | INFO | P02 | 07. VISUALIZE the selected measurement.
2026-08-31 15:12:10 | INFO | P02 | -------------------------------
2026-08-31 15:12:10 | INFO | P02 | Creating a chart to visualize the selected measurement.
2026-08-31 15:12:10 | INFO | P02 | We selected one numeric column, so let's look at the distribution.
2026-08-31 15:12:10 | INFO | P02 | Chart saved successfully at docs/images/measurement-distribution.png.
2026-08-31 15:12:10 | INFO | P02 | IMPORTANT: Close chart window to continue by clicking its X or close button.
2026-08-31 15:18:50 | INFO | P02 | Data loaded successfully.
2026-08-31 15:18:50 | INFO | P02 | -------------------------------
2026-08-31 15:18:50 | INFO | P02 | 02. INSPECT the data.
2026-08-31 15:18:50 | INFO | P02 | -------------------------------
2026-08-31 15:18:50 | INFO | P02 | START inspect
2026-08-31 15:18:50 | INFO | P02 |    row_count:    344
2026-08-31 15:18:50 | INFO | P02 |    column_count: 8
2026-08-31 15:18:50 | INFO | P02 |    column_names: ['species', 'island', 'bill_length_mm', 'bill_depth_mm', 'flipper_length_mm', 'body_mass_g', 'sex', 'year']
2026-08-31 15:18:50 | INFO | P02 | END inspect. Returning inspection_string.
2026-08-31 15:18:50 | INFO | P02 | 
----------------
Data Inspection:
----------------
    One row means: one penguin
    Row count: 344
    Column count: 8
    Column names: ['species', 'island', 'bill_length_mm', 'bill_depth_mm', 'flipper_length_mm', 'body_mass_g', 'sex', 'year']

---------------
First Few Rows:
---------------
  species     island  bill_length_mm  bill_depth_mm  flipper_length_mm  body_mass_g     sex  year
0  Adelie  Torgersen            39.1           18.7              181.0       3750.0    male  2007
1  Adelie  Torgersen            39.5           17.4              186.0       3800.0  female  2007
2  Adelie  Torgersen            40.3           18.0              195.0       3250.0  female  2007
3  Adelie  Torgersen             NaN            NaN                NaN          NaN     NaN  2007
4  Adelie  Torgersen            36.7           19.3              193.0       3450.0  female  2007

2026-08-31 15:18:50 | INFO | P02 | -------------------------------
2026-08-31 15:18:50 | INFO | P02 | 03. REPEAT logic using a for loop.
2026-08-31 15:18:50 | INFO | P02 | -------------------------------
2026-08-31 15:18:50 | INFO | P02 | Column name: species
2026-08-31 15:18:50 | INFO | P02 | Column name: island
2026-08-31 15:18:50 | INFO | P02 | Column name: bill_length_mm
2026-08-31 15:18:50 | INFO | P02 | Column name: bill_depth_mm
2026-08-31 15:18:50 | INFO | P02 | Column name: flipper_length_mm
2026-08-31 15:18:50 | INFO | P02 | Column name: body_mass_g
2026-08-31 15:18:50 | INFO | P02 | Column name: sex
2026-08-31 15:18:50 | INFO | P02 | Column name: year
2026-08-31 15:18:50 | INFO | P02 | Selected group column: species
2026-08-31 15:18:50 | INFO | P02 | Reason for choosing this group: 
The species column has a small number of unique values.
There are three unique species, so a for loop can
process and log each one.

2026-08-31 15:18:50 | INFO | P02 | Item: Adelie
2026-08-31 15:18:50 | INFO | P02 | -------------------------------
2026-08-31 15:18:50 | INFO | P02 | 04. TRANSFORM one list to another list.
2026-08-31 15:18:50 | INFO | P02 | -------------------------------
2026-08-31 15:18:50 | INFO | P02 | Capitalized column names: ['SPECIES', 'ISLAND', 'BILL_LENGTH_MM', 'BILL_DEPTH_MM', 'FLIPPER_LENGTH_MM', 'BODY_MASS_G', 'SEX', 'YEAR']
2026-08-31 15:18:50 | INFO | P02 | -------------------------------
2026-08-31 15:18:50 | INFO | P02 | 05. BRANCH based on conditions.
2026-08-31 15:18:50 | INFO | P02 | -------------------------------
2026-08-31 15:18:50 | INFO | P02 | Selected measurement column: bill_length_mm
2026-08-31 15:18:50 | INFO | P02 | Reason for choosing this measurement: 
Bill length varies across penguins.
There is no fixed cutoff, so we'll calculate the average
and assign a classification depending on a threshold
around the average value.

2026-08-31 15:18:50 | INFO | P02 | bill_length_mm - Minimum: 32.1
2026-08-31 15:18:50 | INFO | P02 | bill_length_mm - Maximum:  59.6
2026-08-31 15:18:50 | INFO | P02 | bill_length_mm - Mean:     43.9219298245614
2026-08-31 15:18:50 | INFO | P02 | -------------------------------
2026-08-31 15:18:50 | INFO | P02 | Sample bill_length_mm: 39.1
2026-08-31 15:18:50 | INFO | P02 | Short threshold multiplier: 0.9
2026-08-31 15:18:50 | INFO | P02 | Long threshold multiplier:  1.1
2026-08-31 15:18:50 | INFO | P02 | Short threshold: 39.529736842105265
2026-08-31 15:18:50 | INFO | P02 | Long threshold:  48.31412280701755
2026-08-31 15:18:50 | INFO | P02 | First row bill_length_mm classification: SHORT
2026-08-31 15:18:50 | INFO | P02 | -------------------------------
2026-08-31 15:18:50 | INFO | P02 | 06. REPEAT while a condition is true.
2026-08-31 15:18:50 | INFO | P02 | -------------------------------
2026-08-31 15:18:50 | INFO | P02 | Starting to process measurements periodically...
2026-08-31 15:18:50 | INFO | P02 | Max records to process: 10
2026-08-31 15:18:50 | INFO | P02 | Stream wait seconds: 1
2026-08-31 15:18:50 | INFO | P02 | Current count: 0
2026-08-31 15:18:50 | INFO | P02 | Item: Gentoo
2026-08-31 15:18:50 | INFO | P02 | -------------------------------
2026-08-31 15:18:50 | INFO | P02 | 04. TRANSFORM one list to another list.
2026-08-31 15:18:50 | INFO | P02 | -------------------------------
2026-08-31 15:18:50 | INFO | P02 | Capitalized column names: ['SPECIES', 'ISLAND', 'BILL_LENGTH_MM', 'BILL_DEPTH_MM', 'FLIPPER_LENGTH_MM', 'BODY_MASS_G', 'SEX', 'YEAR']
2026-08-31 15:18:50 | INFO | P02 | -------------------------------
2026-08-31 15:18:50 | INFO | P02 | 05. BRANCH based on conditions.
2026-08-31 15:18:50 | INFO | P02 | -------------------------------
2026-08-31 15:18:50 | INFO | P02 | Selected measurement column: bill_length_mm
2026-08-31 15:18:50 | INFO | P02 | Reason for choosing this measurement: 
Bill length varies across penguins.
There is no fixed cutoff, so we'll calculate the average
and assign a classification depending on a threshold
around the average value.

2026-08-31 15:18:50 | INFO | P02 | bill_length_mm - Minimum: 32.1
2026-08-31 15:18:50 | INFO | P02 | bill_length_mm - Maximum:  59.6
2026-08-31 15:18:50 | INFO | P02 | bill_length_mm - Mean:     43.9219298245614
2026-08-31 15:18:50 | INFO | P02 | -------------------------------
2026-08-31 15:18:50 | INFO | P02 | Sample bill_length_mm: 39.1
2026-08-31 15:18:50 | INFO | P02 | Short threshold multiplier: 0.9
2026-08-31 15:18:50 | INFO | P02 | Long threshold multiplier:  1.1
2026-08-31 15:18:50 | INFO | P02 | Short threshold: 39.529736842105265
2026-08-31 15:18:50 | INFO | P02 | Long threshold:  48.31412280701755
2026-08-31 15:18:50 | INFO | P02 | First row bill_length_mm classification: SHORT
2026-08-31 15:18:50 | INFO | P02 | -------------------------------
2026-08-31 15:18:50 | INFO | P02 | 06. REPEAT while a condition is true.
2026-08-31 15:18:50 | INFO | P02 | -------------------------------
2026-08-31 15:18:50 | INFO | P02 | Starting to process measurements periodically...
2026-08-31 15:18:50 | INFO | P02 | Max records to process: 10
2026-08-31 15:18:50 | INFO | P02 | Stream wait seconds: 1
2026-08-31 15:18:50 | INFO | P02 | Current count: 0
2026-08-31 15:18:50 | INFO | P02 | Item: Chinstrap
2026-08-31 15:18:50 | INFO | P02 | -------------------------------
2026-08-31 15:18:50 | INFO | P02 | 04. TRANSFORM one list to another list.
2026-08-31 15:18:50 | INFO | P02 | -------------------------------
2026-08-31 15:18:50 | INFO | P02 | Capitalized column names: ['SPECIES', 'ISLAND', 'BILL_LENGTH_MM', 'BILL_DEPTH_MM', 'FLIPPER_LENGTH_MM', 'BODY_MASS_G', 'SEX', 'YEAR']
2026-08-31 15:18:50 | INFO | P02 | -------------------------------
2026-08-31 15:18:50 | INFO | P02 | 05. BRANCH based on conditions.
2026-08-31 15:18:50 | INFO | P02 | -------------------------------
2026-08-31 15:18:50 | INFO | P02 | Selected measurement column: bill_length_mm
2026-08-31 15:18:50 | INFO | P02 | Reason for choosing this measurement: 
Bill length varies across penguins.
There is no fixed cutoff, so we'll calculate the average
and assign a classification depending on a threshold
around the average value.

2026-08-31 15:18:50 | INFO | P02 | bill_length_mm - Minimum: 32.1
2026-08-31 15:18:50 | INFO | P02 | bill_length_mm - Maximum:  59.6
2026-08-31 15:18:50 | INFO | P02 | bill_length_mm - Mean:     43.9219298245614
2026-08-31 15:18:50 | INFO | P02 | -------------------------------
2026-08-31 15:18:50 | INFO | P02 | Sample bill_length_mm: 39.1
2026-08-31 15:18:50 | INFO | P02 | Short threshold multiplier: 0.9
2026-08-31 15:18:50 | INFO | P02 | Long threshold multiplier:  1.1
2026-08-31 15:18:50 | INFO | P02 | Short threshold: 39.529736842105265
2026-08-31 15:18:50 | INFO | P02 | Long threshold:  48.31412280701755
2026-08-31 15:18:50 | INFO | P02 | First row bill_length_mm classification: SHORT
2026-08-31 15:18:50 | INFO | P02 | -------------------------------
2026-08-31 15:18:50 | INFO | P02 | 06. REPEAT while a condition is true.
2026-08-31 15:18:50 | INFO | P02 | -------------------------------
2026-08-31 15:18:50 | INFO | P02 | Starting to process measurements periodically...
2026-08-31 15:18:50 | INFO | P02 | Max records to process: 10
2026-08-31 15:18:50 | INFO | P02 | Stream wait seconds: 1
2026-08-31 15:18:50 | INFO | P02 | Current count: 0
2026-08-31 15:18:50 | INFO | P02 | Current bill_length_mm: 39.1
2026-08-31 15:18:50 | INFO | P02 | Bill length classification: SHORT
2026-08-31 15:18:50 | INFO | P02 | Updated count: 1
2026-08-31 15:18:51 | INFO | P02 | Current bill_length_mm: 39.5
2026-08-31 15:18:51 | INFO | P02 | Bill length classification: SHORT
2026-08-31 15:18:51 | INFO | P02 | Updated count: 2
2026-08-31 15:18:52 | INFO | P02 | Current bill_length_mm: 40.3
2026-08-31 15:18:52 | INFO | P02 | Bill length classification: MEDIUM
2026-08-31 15:18:52 | INFO | P02 | Updated count: 3
2026-08-31 15:18:53 | INFO | P02 | Current bill_length_mm: nan
2026-08-31 15:18:53 | INFO | P02 | Bill length classification: MEDIUM
2026-08-31 15:18:53 | INFO | P02 | Updated count: 4
2026-08-31 15:18:54 | INFO | P02 | Current bill_length_mm: 36.7
2026-08-31 15:18:54 | INFO | P02 | Bill length classification: SHORT
2026-08-31 15:18:54 | INFO | P02 | Updated count: 5
2026-08-31 15:18:55 | INFO | P02 | Current bill_length_mm: 39.3
2026-08-31 15:18:55 | INFO | P02 | Bill length classification: SHORT
2026-08-31 15:18:55 | INFO | P02 | Updated count: 6
2026-08-31 15:18:56 | INFO | P02 | Current bill_length_mm: 38.9
2026-08-31 15:18:56 | INFO | P02 | Bill length classification: SHORT
2026-08-31 15:18:56 | INFO | P02 | Updated count: 7
2026-08-31 15:18:57 | INFO | P02 | Current bill_length_mm: 39.2
2026-08-31 15:18:57 | INFO | P02 | Bill length classification: SHORT
2026-08-31 15:18:57 | INFO | P02 | Updated count: 8
2026-08-31 15:18:58 | INFO | P02 | Current bill_length_mm: 34.1
2026-08-31 15:18:58 | INFO | P02 | Bill length classification: SHORT
2026-08-31 15:18:58 | INFO | P02 | Updated count: 9
2026-08-31 15:18:59 | INFO | P02 | Current bill_length_mm: 42.0
2026-08-31 15:18:59 | INFO | P02 | Bill length classification: MEDIUM
2026-08-31 15:18:59 | INFO | P02 | Updated count: 10
2026-08-31 15:19:00 | INFO | P02 | Current bill_length_mm: 37.8
2026-08-31 15:19:00 | INFO | P02 | Bill length classification: SHORT
2026-08-31 15:19:00 | INFO | P02 | Updated count: 11
2026-08-31 15:19:01 | INFO | P02 | Current bill_length_mm: 37.8
2026-08-31 15:19:01 | INFO | P02 | Bill length classification: SHORT
2026-08-31 15:19:01 | INFO | P02 | Updated count: 12
2026-08-31 15:19:02 | INFO | P02 | Current bill_length_mm: 41.1
2026-08-31 15:19:02 | INFO | P02 | Bill length classification: MEDIUM
2026-08-31 15:19:02 | INFO | P02 | Updated count: 13
2026-08-31 15:19:03 | INFO | P02 | Current bill_length_mm: 38.6
2026-08-31 15:19:03 | INFO | P02 | Bill length classification: SHORT
2026-08-31 15:19:03 | INFO | P02 | Updated count: 14
2026-08-31 15:19:04 | INFO | P02 | Current bill_length_mm: 34.6
2026-08-31 15:19:04 | INFO | P02 | Bill length classification: SHORT
2026-08-31 15:19:04 | INFO | P02 | Updated count: 15
2026-08-31 15:19:05 | INFO | P02 | Current bill_length_mm: 36.6
2026-08-31 15:19:05 | INFO | P02 | Bill length classification: SHORT
2026-08-31 15:19:05 | INFO | P02 | Updated count: 16
2026-08-31 15:19:06 | INFO | P02 | Current bill_length_mm: 38.7
2026-08-31 15:19:06 | INFO | P02 | Bill length classification: SHORT
2026-08-31 15:19:06 | INFO | P02 | Updated count: 17
2026-08-31 15:19:07 | INFO | P02 | Current bill_length_mm: 42.5
2026-08-31 15:19:07 | INFO | P02 | Bill length classification: MEDIUM
2026-08-31 15:19:07 | INFO | P02 | Updated count: 18
2026-08-31 15:19:08 | INFO | P02 | Current bill_length_mm: 34.4
2026-08-31 15:19:08 | INFO | P02 | Bill length classification: SHORT
2026-08-31 15:19:08 | INFO | P02 | Updated count: 19
2026-08-31 15:19:09 | INFO | P02 | Current bill_length_mm: 46.0
2026-08-31 15:19:09 | INFO | P02 | Bill length classification: MEDIUM
2026-08-31 15:19:09 | INFO | P02 | Updated count: 20
2026-08-31 15:19:10 | INFO | P02 | Current bill_length_mm: 37.8
2026-08-31 15:19:10 | INFO | P02 | Bill length classification: SHORT
2026-08-31 15:19:10 | INFO | P02 | Updated count: 21
2026-08-31 15:19:11 | INFO | P02 | Current bill_length_mm: 37.7
2026-08-31 15:19:11 | INFO | P02 | Bill length classification: SHORT
2026-08-31 15:19:11 | INFO | P02 | Updated count: 22
2026-08-31 15:19:12 | INFO | P02 | Current bill_length_mm: 35.9
2026-08-31 15:19:12 | INFO | P02 | Bill length classification: SHORT
2026-08-31 15:19:12 | INFO | P02 | Updated count: 23
2026-08-31 15:19:13 | INFO | P02 | Current bill_length_mm: 38.2
2026-08-31 15:19:13 | INFO | P02 | Bill length classification: SHORT
2026-08-31 15:19:13 | INFO | P02 | Updated count: 24
2026-08-31 15:19:14 | INFO | P02 | Current bill_length_mm: 38.8
2026-08-31 15:19:14 | INFO | P02 | Bill length classification: SHORT
2026-08-31 15:19:14 | INFO | P02 | Updated count: 25
2026-08-31 15:19:15 | INFO | P02 | Current bill_length_mm: 35.3
2026-08-31 15:19:15 | INFO | P02 | Bill length classification: SHORT
2026-08-31 15:19:15 | INFO | P02 | Updated count: 26
2026-08-31 15:19:16 | INFO | P02 | Current bill_length_mm: 40.6
2026-08-31 15:19:16 | INFO | P02 | Bill length classification: MEDIUM
2026-08-31 15:19:16 | INFO | P02 | Updated count: 27
2026-08-31 15:19:17 | INFO | P02 | Current bill_length_mm: 40.5
2026-08-31 15:19:17 | INFO | P02 | Bill length classification: MEDIUM
2026-08-31 15:19:17 | INFO | P02 | Updated count: 28
2026-08-31 15:19:18 | INFO | P02 | Current bill_length_mm: 37.9
2026-08-31 15:19:18 | INFO | P02 | Bill length classification: SHORT
2026-08-31 15:19:18 | INFO | P02 | Updated count: 29
2026-08-31 15:19:19 | INFO | P02 | Current bill_length_mm: 40.5
2026-08-31 15:19:19 | INFO | P02 | Bill length classification: MEDIUM
2026-08-31 15:19:19 | INFO | P02 | Updated count: 30
2026-08-31 15:19:20 | INFO | P02 | Current bill_length_mm: 39.5
2026-08-31 15:19:20 | INFO | P02 | Bill length classification: SHORT
2026-08-31 15:19:20 | INFO | P02 | Updated count: 31
2026-08-31 15:19:21 | INFO | P02 | Current bill_length_mm: 37.2
2026-08-31 15:19:21 | INFO | P02 | Bill length classification: SHORT
2026-08-31 15:19:21 | INFO | P02 | Updated count: 32
2026-08-31 15:19:22 | INFO | P02 | Current bill_length_mm: 39.5
2026-08-31 15:19:22 | INFO | P02 | Bill length classification: SHORT
2026-08-31 15:19:22 | INFO | P02 | Updated count: 33
2026-08-31 15:19:23 | INFO | P02 | Current bill_length_mm: 40.9
2026-08-31 15:19:23 | INFO | P02 | Bill length classification: MEDIUM
2026-08-31 15:19:23 | INFO | P02 | Updated count: 34
2026-08-31 15:19:24 | INFO | P02 | Current bill_length_mm: 36.4
2026-08-31 15:19:24 | INFO | P02 | Bill length classification: SHORT
2026-08-31 15:19:24 | INFO | P02 | Updated count: 35
2026-08-31 15:19:25 | INFO | P02 | Current bill_length_mm: 39.2
2026-08-31 15:19:25 | INFO | P02 | Bill length classification: SHORT
2026-08-31 15:19:25 | INFO | P02 | Updated count: 36
2026-08-31 15:19:26 | INFO | P02 | Current bill_length_mm: 38.8
2026-08-31 15:19:26 | INFO | P02 | Bill length classification: SHORT
2026-08-31 15:19:26 | INFO | P02 | Updated count: 37
2026-08-31 15:19:27 | INFO | P02 | Current bill_length_mm: 42.2
2026-08-31 15:19:27 | INFO | P02 | Bill length classification: MEDIUM
2026-08-31 15:19:27 | INFO | P02 | Updated count: 38
2026-08-31 15:19:28 | INFO | P02 | Current bill_length_mm: 37.6
2026-08-31 15:19:28 | INFO | P02 | Bill length classification: SHORT
2026-08-31 15:19:28 | INFO | P02 | Updated count: 39
2026-08-31 15:19:29 | INFO | P02 | Current bill_length_mm: 39.8
2026-08-31 15:19:29 | INFO | P02 | Bill length classification: MEDIUM
2026-08-31 15:19:29 | INFO | P02 | Updated count: 40
2026-08-31 15:19:30 | INFO | P02 | Current bill_length_mm: 36.5
2026-08-31 15:19:30 | INFO | P02 | Bill length classification: SHORT
2026-08-31 15:19:30 | INFO | P02 | Updated count: 41
2026-08-31 15:19:31 | INFO | P02 | Current bill_length_mm: 40.8
2026-08-31 15:19:31 | INFO | P02 | Bill length classification: MEDIUM
2026-08-31 15:19:31 | INFO | P02 | Updated count: 42
2026-08-31 15:19:32 | INFO | P02 | Current bill_length_mm: 36.0
2026-08-31 15:19:32 | INFO | P02 | Bill length classification: SHORT
2026-08-31 15:19:32 | INFO | P02 | Updated count: 43
2026-08-31 15:19:33 | INFO | P02 | Current bill_length_mm: 44.1
2026-08-31 15:19:33 | INFO | P02 | Bill length classification: MEDIUM
2026-08-31 15:19:33 | INFO | P02 | Updated count: 44
2026-08-31 15:19:34 | INFO | P02 | Current bill_length_mm: 37.0
2026-08-31 15:19:34 | INFO | P02 | Bill length classification: SHORT
2026-08-31 15:19:34 | INFO | P02 | Updated count: 45
2026-08-31 15:19:35 | INFO | P02 | Current bill_length_mm: 39.6
2026-08-31 15:19:35 | INFO | P02 | Bill length classification: MEDIUM
2026-08-31 15:19:35 | INFO | P02 | Updated count: 46
2026-08-31 15:19:36 | INFO | P02 | Current bill_length_mm: 41.1
2026-08-31 15:19:36 | INFO | P02 | Bill length classification: MEDIUM
2026-08-31 15:19:36 | INFO | P02 | Updated count: 47
2026-08-31 15:19:37 | INFO | P02 | Current bill_length_mm: 37.5
2026-08-31 15:19:37 | INFO | P02 | Bill length classification: SHORT
2026-08-31 15:19:37 | INFO | P02 | Updated count: 48
2026-08-31 15:19:38 | INFO | P02 | Current bill_length_mm: 36.0
2026-08-31 15:19:38 | INFO | P02 | Bill length classification: SHORT
2026-08-31 15:19:38 | INFO | P02 | Updated count: 49
2026-08-31 15:19:39 | INFO | P02 | Current bill_length_mm: 42.3
2026-08-31 15:19:39 | INFO | P02 | Bill length classification: MEDIUM
2026-08-31 15:19:39 | INFO | P02 | Updated count: 50
2026-08-31 15:19:40 | INFO | P02 | Current bill_length_mm: 39.6
2026-08-31 15:19:40 | INFO | P02 | Bill length classification: MEDIUM
2026-08-31 15:19:40 | INFO | P02 | Updated count: 51
2026-08-31 15:19:41 | INFO | P02 | Current bill_length_mm: 40.1
2026-08-31 15:19:41 | INFO | P02 | Bill length classification: MEDIUM
2026-08-31 15:19:41 | INFO | P02 | Updated count: 52
2026-08-31 15:19:42 | INFO | P02 | Current bill_length_mm: 35.0
2026-08-31 15:19:42 | INFO | P02 | Bill length classification: SHORT
2026-08-31 15:19:42 | INFO | P02 | Updated count: 53
2026-08-31 15:19:43 | INFO | P02 | Current bill_length_mm: 42.0
2026-08-31 15:19:43 | INFO | P02 | Bill length classification: MEDIUM
2026-08-31 15:19:43 | INFO | P02 | Updated count: 54
2026-08-31 15:19:44 | INFO | P02 | Current bill_length_mm: 34.5
2026-08-31 15:19:44 | INFO | P02 | Bill length classification: SHORT
2026-08-31 15:19:44 | INFO | P02 | Updated count: 55
2026-08-31 15:19:45 | INFO | P02 | Current bill_length_mm: 41.4
2026-08-31 15:19:45 | INFO | P02 | Bill length classification: MEDIUM
2026-08-31 15:19:45 | INFO | P02 | Updated count: 56
2026-08-31 15:19:46 | INFO | P02 | Current bill_length_mm: 39.0
2026-08-31 15:19:46 | INFO | P02 | Bill length classification: SHORT
2026-08-31 15:19:46 | INFO | P02 | Updated count: 57
2026-08-31 15:19:47 | INFO | P02 | Current bill_length_mm: 40.6
2026-08-31 15:19:47 | INFO | P02 | Bill length classification: MEDIUM
2026-08-31 15:19:47 | INFO | P02 | Updated count: 58
2026-08-31 15:19:48 | INFO | P02 | Current bill_length_mm: 36.5
2026-08-31 15:19:48 | INFO | P02 | Bill length classification: SHORT
2026-08-31 15:19:48 | INFO | P02 | Updated count: 59
2026-08-31 15:19:49 | INFO | P02 | Current bill_length_mm: 37.6
2026-08-31 15:19:49 | INFO | P02 | Bill length classification: SHORT
2026-08-31 15:19:49 | INFO | P02 | Updated count: 60
2026-08-31 15:19:50 | INFO | P02 | Current bill_length_mm: 35.7
2026-08-31 15:19:50 | INFO | P02 | Bill length classification: SHORT
2026-08-31 15:19:50 | INFO | P02 | Updated count: 61
2026-08-31 15:19:51 | INFO | P02 | Current bill_length_mm: 41.3
2026-08-31 15:19:51 | INFO | P02 | Bill length classification: MEDIUM
2026-08-31 15:19:51 | INFO | P02 | Updated count: 62
2026-08-31 15:19:52 | INFO | P02 | Current bill_length_mm: 37.6
2026-08-31 15:19:52 | INFO | P02 | Bill length classification: SHORT
2026-08-31 15:19:52 | INFO | P02 | Updated count: 63
2026-08-31 15:35:45 | INFO | P02 | Data loaded successfully.
2026-08-31 15:35:45 | INFO | P02 | -------------------------------
2026-08-31 15:35:45 | INFO | P02 | 02. INSPECT the data.
2026-08-31 15:35:45 | INFO | P02 | -------------------------------
2026-08-31 15:35:45 | INFO | P02 | START inspect
2026-08-31 15:35:45 | INFO | P02 |    row_count:    344
2026-08-31 15:35:45 | INFO | P02 |    column_count: 8
2026-08-31 15:35:45 | INFO | P02 |    column_names: ['species', 'island', 'bill_length_mm', 'bill_depth_mm', 'flipper_length_mm', 'body_mass_g', 'sex', 'year']
2026-08-31 15:35:45 | INFO | P02 | END inspect. Returning inspection_string.
2026-08-31 15:35:45 | INFO | P02 | 
----------------
Data Inspection:
----------------
    One row means: one penguin
    Row count: 344
    Column count: 8
    Column names: ['species', 'island', 'bill_length_mm', 'bill_depth_mm', 'flipper_length_mm', 'body_mass_g', 'sex', 'year']

---------------
First Few Rows:
---------------
  species     island  bill_length_mm  bill_depth_mm  flipper_length_mm  body_mass_g     sex  year
0  Adelie  Torgersen            39.1           18.7              181.0       3750.0    male  2007
1  Adelie  Torgersen            39.5           17.4              186.0       3800.0  female  2007
2  Adelie  Torgersen            40.3           18.0              195.0       3250.0  female  2007
3  Adelie  Torgersen             NaN            NaN                NaN          NaN     NaN  2007
4  Adelie  Torgersen            36.7           19.3              193.0       3450.0  female  2007

2026-08-31 15:35:45 | INFO | P02 | -------------------------------
2026-08-31 15:35:45 | INFO | P02 | 03. REPEAT logic using a for loop.
2026-08-31 15:35:45 | INFO | P02 | -------------------------------
2026-08-31 15:35:45 | INFO | P02 | Column name: species
2026-08-31 15:35:45 | INFO | P02 | Column name: island
2026-08-31 15:35:45 | INFO | P02 | Column name: bill_length_mm
2026-08-31 15:35:45 | INFO | P02 | Column name: bill_depth_mm
2026-08-31 15:35:45 | INFO | P02 | Column name: flipper_length_mm
2026-08-31 15:35:45 | INFO | P02 | Column name: body_mass_g
2026-08-31 15:35:45 | INFO | P02 | Column name: sex
2026-08-31 15:35:45 | INFO | P02 | Column name: year
2026-08-31 15:35:45 | INFO | P02 | Selected group column: species
2026-08-31 15:35:45 | INFO | P02 | Reason for choosing this group: 
The species column has a small number of unique values.
There are three unique species, so a for loop can
process and log each one.

2026-08-31 15:35:45 | INFO | P02 | Item: Adelie
2026-08-31 15:35:45 | INFO | P02 | -------------------------------
2026-08-31 15:35:45 | INFO | P02 | 04. TRANSFORM one list to another list.
2026-08-31 15:35:45 | INFO | P02 | -------------------------------
2026-08-31 15:35:45 | INFO | P02 | Capitalized column names: ['SPECIES', 'ISLAND', 'BILL_LENGTH_MM', 'BILL_DEPTH_MM', 'FLIPPER_LENGTH_MM', 'BODY_MASS_G', 'SEX', 'YEAR']
2026-08-31 15:35:45 | INFO | P02 | -------------------------------
2026-08-31 15:35:45 | INFO | P02 | 05. BRANCH based on conditions.
2026-08-31 15:35:45 | INFO | P02 | -------------------------------
2026-08-31 15:35:45 | INFO | P02 | Selected measurement column: bill_length_mm
2026-08-31 15:35:45 | INFO | P02 | Reason for choosing this measurement: 
Bill length varies across penguins.
There is no fixed cutoff, so we'll calculate the average
and assign a classification depending on a threshold
around the average value.

2026-08-31 15:35:45 | INFO | P02 | bill_length_mm - Minimum: 32.1
2026-08-31 15:35:45 | INFO | P02 | bill_length_mm - Maximum:  59.6
2026-08-31 15:35:45 | INFO | P02 | bill_length_mm - Mean:     43.9219298245614
2026-08-31 15:35:45 | INFO | P02 | -------------------------------
2026-08-31 15:35:45 | INFO | P02 | Sample bill_length_mm: 39.1
2026-08-31 15:35:45 | INFO | P02 | Short threshold multiplier: 0.9
2026-08-31 15:35:45 | INFO | P02 | Long threshold multiplier:  1.1
2026-08-31 15:35:45 | INFO | P02 | Short threshold: 39.529736842105265
2026-08-31 15:35:45 | INFO | P02 | Long threshold:  48.31412280701755
2026-08-31 15:35:45 | INFO | P02 | First row bill_length_mm classification: SHORT
2026-08-31 15:35:45 | INFO | P02 | -------------------------------
2026-08-31 15:35:45 | INFO | P02 | 06. REPEAT while a condition is true.
2026-08-31 15:35:45 | INFO | P02 | -------------------------------
2026-08-31 15:35:45 | INFO | P02 | Starting to process measurements periodically...
2026-08-31 15:35:45 | INFO | P02 | Max records to process: 10
2026-08-31 15:35:45 | INFO | P02 | Current count: 0
2026-08-31 15:35:45 | INFO | P02 | Item: Gentoo
2026-08-31 15:35:45 | INFO | P02 | -------------------------------
2026-08-31 15:35:45 | INFO | P02 | 04. TRANSFORM one list to another list.
2026-08-31 15:35:45 | INFO | P02 | -------------------------------
2026-08-31 15:35:45 | INFO | P02 | Capitalized column names: ['SPECIES', 'ISLAND', 'BILL_LENGTH_MM', 'BILL_DEPTH_MM', 'FLIPPER_LENGTH_MM', 'BODY_MASS_G', 'SEX', 'YEAR']
2026-08-31 15:35:45 | INFO | P02 | -------------------------------
2026-08-31 15:35:45 | INFO | P02 | 05. BRANCH based on conditions.
2026-08-31 15:35:45 | INFO | P02 | -------------------------------
2026-08-31 15:35:45 | INFO | P02 | Selected measurement column: bill_length_mm
2026-08-31 15:35:45 | INFO | P02 | Reason for choosing this measurement: 
Bill length varies across penguins.
There is no fixed cutoff, so we'll calculate the average
and assign a classification depending on a threshold
around the average value.

2026-08-31 15:35:45 | INFO | P02 | bill_length_mm - Minimum: 32.1
2026-08-31 15:35:45 | INFO | P02 | bill_length_mm - Maximum:  59.6
2026-08-31 15:35:45 | INFO | P02 | bill_length_mm - Mean:     43.9219298245614
2026-08-31 15:35:45 | INFO | P02 | -------------------------------
2026-08-31 15:35:45 | INFO | P02 | Sample bill_length_mm: 39.1
2026-08-31 15:35:45 | INFO | P02 | Short threshold multiplier: 0.9
2026-08-31 15:35:45 | INFO | P02 | Long threshold multiplier:  1.1
2026-08-31 15:35:45 | INFO | P02 | Short threshold: 39.529736842105265
2026-08-31 15:35:45 | INFO | P02 | Long threshold:  48.31412280701755
2026-08-31 15:35:45 | INFO | P02 | First row bill_length_mm classification: SHORT
2026-08-31 15:35:45 | INFO | P02 | -------------------------------
2026-08-31 15:35:45 | INFO | P02 | 06. REPEAT while a condition is true.
2026-08-31 15:35:45 | INFO | P02 | -------------------------------
2026-08-31 15:35:45 | INFO | P02 | Starting to process measurements periodically...
2026-08-31 15:35:45 | INFO | P02 | Max records to process: 10
2026-08-31 15:35:45 | INFO | P02 | Current count: 0
2026-08-31 15:35:45 | INFO | P02 | Item: Chinstrap
2026-08-31 15:35:45 | INFO | P02 | -------------------------------
2026-08-31 15:35:45 | INFO | P02 | 04. TRANSFORM one list to another list.
2026-08-31 15:35:45 | INFO | P02 | -------------------------------
2026-08-31 15:35:45 | INFO | P02 | Capitalized column names: ['SPECIES', 'ISLAND', 'BILL_LENGTH_MM', 'BILL_DEPTH_MM', 'FLIPPER_LENGTH_MM', 'BODY_MASS_G', 'SEX', 'YEAR']
2026-08-31 15:35:45 | INFO | P02 | -------------------------------
2026-08-31 15:35:45 | INFO | P02 | 05. BRANCH based on conditions.
2026-08-31 15:35:45 | INFO | P02 | -------------------------------
2026-08-31 15:35:45 | INFO | P02 | Selected measurement column: bill_length_mm
2026-08-31 15:35:45 | INFO | P02 | Reason for choosing this measurement: 
Bill length varies across penguins.
There is no fixed cutoff, so we'll calculate the average
and assign a classification depending on a threshold
around the average value.

2026-08-31 15:35:45 | INFO | P02 | bill_length_mm - Minimum: 32.1
2026-08-31 15:35:45 | INFO | P02 | bill_length_mm - Maximum:  59.6
2026-08-31 15:35:45 | INFO | P02 | bill_length_mm - Mean:     43.9219298245614
2026-08-31 15:35:45 | INFO | P02 | -------------------------------
2026-08-31 15:35:45 | INFO | P02 | Sample bill_length_mm: 39.1
2026-08-31 15:35:45 | INFO | P02 | Short threshold multiplier: 0.9
2026-08-31 15:35:45 | INFO | P02 | Long threshold multiplier:  1.1
2026-08-31 15:35:45 | INFO | P02 | Short threshold: 39.529736842105265
2026-08-31 15:35:45 | INFO | P02 | Long threshold:  48.31412280701755
2026-08-31 15:35:45 | INFO | P02 | First row bill_length_mm classification: SHORT
2026-08-31 15:35:45 | INFO | P02 | -------------------------------
2026-08-31 15:35:45 | INFO | P02 | 06. REPEAT while a condition is true.
2026-08-31 15:35:45 | INFO | P02 | -------------------------------
2026-08-31 15:35:45 | INFO | P02 | Starting to process measurements periodically...
2026-08-31 15:35:45 | INFO | P02 | Max records to process: 10
2026-08-31 15:35:45 | INFO | P02 | Current count: 0
2026-08-31 15:35:45 | INFO | P02 | Current bill_length_mm: 39.1
2026-08-31 15:35:45 | INFO | P02 | Updated count: 1
2026-08-31 15:35:45 | INFO | P02 | Current bill_length_mm: 39.5
2026-08-31 15:35:45 | INFO | P02 | Updated count: 2
2026-08-31 15:35:45 | INFO | P02 | Current bill_length_mm: 40.3
2026-08-31 15:35:45 | INFO | P02 | Updated count: 3
2026-08-31 15:35:45 | INFO | P02 | Current bill_length_mm: nan
2026-08-31 15:35:45 | INFO | P02 | Updated count: 4
2026-08-31 15:35:45 | INFO | P02 | Current bill_length_mm: 36.7
2026-08-31 15:35:45 | INFO | P02 | Updated count: 5
2026-08-31 15:35:45 | INFO | P02 | Current bill_length_mm: 39.3
2026-08-31 15:35:45 | INFO | P02 | Updated count: 6
2026-08-31 15:35:45 | INFO | P02 | Current bill_length_mm: 38.9
2026-08-31 15:35:45 | INFO | P02 | Updated count: 7
2026-08-31 15:35:45 | INFO | P02 | Current bill_length_mm: 39.2
2026-08-31 15:35:45 | INFO | P02 | Updated count: 8
2026-08-31 15:35:45 | INFO | P02 | Current bill_length_mm: 34.1
2026-08-31 15:35:45 | INFO | P02 | Updated count: 9
2026-08-31 15:35:45 | INFO | P02 | Current bill_length_mm: 42.0
2026-08-31 15:35:45 | INFO | P02 | Updated count: 10
2026-08-31 15:35:45 | INFO | P02 | Current bill_length_mm: 37.8
2026-08-31 15:35:45 | INFO | P02 | Updated count: 11
2026-08-31 15:35:45 | INFO | P02 | Current bill_length_mm: 37.8
2026-08-31 15:35:45 | INFO | P02 | Updated count: 12
2026-08-31 15:35:45 | INFO | P02 | Current bill_length_mm: 41.1
2026-08-31 15:35:45 | INFO | P02 | Updated count: 13
2026-08-31 15:35:45 | INFO | P02 | Current bill_length_mm: 38.6
2026-08-31 15:35:45 | INFO | P02 | Updated count: 14
2026-08-31 15:35:45 | INFO | P02 | Current bill_length_mm: 34.6
2026-08-31 15:35:45 | INFO | P02 | Updated count: 15
2026-08-31 15:35:45 | INFO | P02 | Current bill_length_mm: 36.6
2026-08-31 15:35:45 | INFO | P02 | Updated count: 16
2026-08-31 15:35:45 | INFO | P02 | Current bill_length_mm: 38.7
2026-08-31 15:35:45 | INFO | P02 | Updated count: 17
2026-08-31 15:35:45 | INFO | P02 | Current bill_length_mm: 42.5
2026-08-31 15:35:45 | INFO | P02 | Updated count: 18
2026-08-31 15:35:45 | INFO | P02 | Current bill_length_mm: 34.4
2026-08-31 15:35:45 | INFO | P02 | Updated count: 19
2026-08-31 15:35:45 | INFO | P02 | Current bill_length_mm: 46.0
2026-08-31 15:35:45 | INFO | P02 | Updated count: 20
2026-08-31 15:35:45 | INFO | P02 | Current bill_length_mm: 37.8
2026-08-31 15:35:45 | INFO | P02 | Updated count: 21
2026-08-31 15:35:45 | INFO | P02 | Current bill_length_mm: 37.7
2026-08-31 15:35:45 | INFO | P02 | Updated count: 22
2026-08-31 15:35:45 | INFO | P02 | Current bill_length_mm: 35.9
2026-08-31 15:35:45 | INFO | P02 | Updated count: 23
2026-08-31 15:35:45 | INFO | P02 | Current bill_length_mm: 38.2
2026-08-31 15:35:45 | INFO | P02 | Updated count: 24
2026-08-31 15:35:45 | INFO | P02 | Current bill_length_mm: 38.8
2026-08-31 15:35:45 | INFO | P02 | Updated count: 25
2026-08-31 15:35:45 | INFO | P02 | Current bill_length_mm: 35.3
2026-08-31 15:35:45 | INFO | P02 | Updated count: 26
2026-08-31 15:35:45 | INFO | P02 | Current bill_length_mm: 40.6
2026-08-31 15:35:45 | INFO | P02 | Updated count: 27
2026-08-31 15:35:45 | INFO | P02 | Current bill_length_mm: 40.5
2026-08-31 15:35:45 | INFO | P02 | Updated count: 28
2026-08-31 15:35:45 | INFO | P02 | Current bill_length_mm: 37.9
2026-08-31 15:35:45 | INFO | P02 | Updated count: 29
2026-08-31 15:35:45 | INFO | P02 | Current bill_length_mm: 40.5
2026-08-31 15:35:45 | INFO | P02 | Updated count: 30
2026-08-31 15:35:45 | INFO | P02 | Current bill_length_mm: 39.5
2026-08-31 15:35:45 | INFO | P02 | Updated count: 31
2026-08-31 15:35:45 | INFO | P02 | Current bill_length_mm: 37.2
2026-08-31 15:35:45 | INFO | P02 | Updated count: 32
2026-08-31 15:35:45 | INFO | P02 | Current bill_length_mm: 39.5
2026-08-31 15:35:45 | INFO | P02 | Updated count: 33
2026-08-31 15:35:45 | INFO | P02 | Current bill_length_mm: 40.9
2026-08-31 15:35:45 | INFO | P02 | Updated count: 34
2026-08-31 15:35:45 | INFO | P02 | Current bill_length_mm: 36.4
2026-08-31 15:35:45 | INFO | P02 | Updated count: 35
2026-08-31 15:35:45 | INFO | P02 | Current bill_length_mm: 39.2
2026-08-31 15:35:45 | INFO | P02 | Updated count: 36
2026-08-31 15:35:45 | INFO | P02 | Current bill_length_mm: 38.8
2026-08-31 15:35:45 | INFO | P02 | Updated count: 37
2026-08-31 15:35:45 | INFO | P02 | Current bill_length_mm: 42.2
2026-08-31 15:35:45 | INFO | P02 | Updated count: 38
2026-08-31 15:35:45 | INFO | P02 | Current bill_length_mm: 37.6
2026-08-31 15:35:45 | INFO | P02 | Updated count: 39
2026-08-31 15:35:45 | INFO | P02 | Current bill_length_mm: 39.8
2026-08-31 15:35:45 | INFO | P02 | Updated count: 40
2026-08-31 15:35:45 | INFO | P02 | Current bill_length_mm: 36.5
2026-08-31 15:35:45 | INFO | P02 | Updated count: 41
2026-08-31 15:35:45 | INFO | P02 | Current bill_length_mm: 40.8
2026-08-31 15:35:45 | INFO | P02 | Updated count: 42
2026-08-31 15:35:45 | INFO | P02 | Current bill_length_mm: 36.0
2026-08-31 15:35:45 | INFO | P02 | Updated count: 43
2026-08-31 15:35:45 | INFO | P02 | Current bill_length_mm: 44.1
2026-08-31 15:35:45 | INFO | P02 | Updated count: 44
2026-08-31 15:35:45 | INFO | P02 | Current bill_length_mm: 37.0
2026-08-31 15:35:45 | INFO | P02 | Updated count: 45
2026-08-31 15:35:45 | INFO | P02 | Current bill_length_mm: 39.6
2026-08-31 15:35:45 | INFO | P02 | Updated count: 46
2026-08-31 15:35:45 | INFO | P02 | Current bill_length_mm: 41.1
2026-08-31 15:35:45 | INFO | P02 | Updated count: 47
2026-08-31 15:35:45 | INFO | P02 | Current bill_length_mm: 37.5
2026-08-31 15:35:45 | INFO | P02 | Updated count: 48
2026-08-31 15:35:45 | INFO | P02 | Current bill_length_mm: 36.0
2026-08-31 15:35:45 | INFO | P02 | Updated count: 49
2026-08-31 15:35:45 | INFO | P02 | Current bill_length_mm: 42.3
2026-08-31 15:35:45 | INFO | P02 | Updated count: 50
2026-08-31 15:35:45 | INFO | P02 | Current bill_length_mm: 39.6
2026-08-31 15:35:45 | INFO | P02 | Updated count: 51
2026-08-31 15:35:45 | INFO | P02 | Current bill_length_mm: 40.1
2026-08-31 15:35:45 | INFO | P02 | Updated count: 52
2026-08-31 15:35:45 | INFO | P02 | Current bill_length_mm: 35.0
2026-08-31 15:35:45 | INFO | P02 | Updated count: 53
2026-08-31 15:35:45 | INFO | P02 | Current bill_length_mm: 42.0
2026-08-31 15:35:45 | INFO | P02 | Updated count: 54
2026-08-31 15:35:45 | INFO | P02 | Current bill_length_mm: 34.5
2026-08-31 15:35:45 | INFO | P02 | Updated count: 55
2026-08-31 15:35:45 | INFO | P02 | Current bill_length_mm: 41.4
2026-08-31 15:35:45 | INFO | P02 | Updated count: 56
2026-08-31 15:35:45 | INFO | P02 | Current bill_length_mm: 39.0
2026-08-31 15:35:45 | INFO | P02 | Updated count: 57
2026-08-31 15:35:45 | INFO | P02 | Current bill_length_mm: 40.6
2026-08-31 15:35:45 | INFO | P02 | Updated count: 58
2026-08-31 15:35:45 | INFO | P02 | Current bill_length_mm: 36.5
2026-08-31 15:35:45 | INFO | P02 | Updated count: 59
2026-08-31 15:35:45 | INFO | P02 | Current bill_length_mm: 37.6
2026-08-31 15:35:45 | INFO | P02 | Updated count: 60
2026-08-31 15:35:45 | INFO | P02 | Current bill_length_mm: 35.7
2026-08-31 15:35:45 | INFO | P02 | Updated count: 61
2026-08-31 15:35:45 | INFO | P02 | Current bill_length_mm: 41.3
2026-08-31 15:35:45 | INFO | P02 | Updated count: 62
2026-08-31 15:35:45 | INFO | P02 | Current bill_length_mm: 37.6
2026-08-31 15:35:45 | INFO | P02 | Updated count: 63
2026-08-31 15:35:45 | INFO | P02 | Current bill_length_mm: 41.1
2026-08-31 15:35:45 | INFO | P02 | Updated count: 64
2026-08-31 15:35:45 | INFO | P02 | Current bill_length_mm: 36.4
2026-08-31 15:35:45 | INFO | P02 | Updated count: 65
2026-08-31 15:35:45 | INFO | P02 | Current bill_length_mm: 41.6
2026-08-31 15:35:45 | INFO | P02 | Updated count: 66
2026-08-31 15:35:45 | INFO | P02 | Current bill_length_mm: 35.5
2026-08-31 15:35:45 | INFO | P02 | Updated count: 67
2026-08-31 15:35:45 | INFO | P02 | Current bill_length_mm: 41.1
2026-08-31 15:35:45 | INFO | P02 | Updated count: 68
2026-08-31 15:35:45 | INFO | P02 | Current bill_length_mm: 35.9
2026-08-31 15:35:45 | INFO | P02 | Updated count: 69
2026-08-31 15:35:45 | INFO | P02 | Current bill_length_mm: 41.8
2026-08-31 15:35:45 | INFO | P02 | Updated count: 70
2026-08-31 15:35:45 | INFO | P02 | Current bill_length_mm: 33.5
2026-08-31 15:35:45 | INFO | P02 | Updated count: 71
2026-08-31 15:35:45 | INFO | P02 | Current bill_length_mm: 39.7
2026-08-31 15:35:45 | INFO | P02 | Updated count: 72
2026-08-31 15:35:45 | INFO | P02 | Current bill_length_mm: 39.6
2026-08-31 15:35:45 | INFO | P02 | Updated count: 73
2026-08-31 15:35:45 | INFO | P02 | Current bill_length_mm: 45.8
2026-08-31 15:35:45 | INFO | P02 | Updated count: 74
2026-08-31 15:35:45 | INFO | P02 | Current bill_length_mm: 35.5
2026-08-31 15:35:45 | INFO | P02 | Updated count: 75
2026-08-31 15:35:45 | INFO | P02 | Current bill_length_mm: 42.8
2026-08-31 15:35:45 | INFO | P02 | Updated count: 76
2026-08-31 15:35:45 | INFO | P02 | Current bill_length_mm: 40.9
2026-08-31 15:35:45 | INFO | P02 | Updated count: 77
2026-08-31 15:35:45 | INFO | P02 | Current bill_length_mm: 37.2
2026-08-31 15:35:45 | INFO | P02 | Updated count: 78
2026-08-31 15:35:45 | INFO | P02 | Current bill_length_mm: 36.2
2026-08-31 15:35:45 | INFO | P02 | Updated count: 79
2026-08-31 15:35:45 | INFO | P02 | Current bill_length_mm: 42.1
2026-08-31 15:35:45 | INFO | P02 | Updated count: 80
2026-08-31 15:35:45 | INFO | P02 | Current bill_length_mm: 34.6
2026-08-31 15:35:45 | INFO | P02 | Updated count: 81
2026-08-31 15:35:45 | INFO | P02 | Current bill_length_mm: 42.9
2026-08-31 15:35:45 | INFO | P02 | Updated count: 82
2026-08-31 15:35:45 | INFO | P02 | Current bill_length_mm: 36.7
2026-08-31 15:35:45 | INFO | P02 | Updated count: 83
2026-08-31 15:35:45 | INFO | P02 | Current bill_length_mm: 35.1
2026-08-31 15:35:45 | INFO | P02 | Updated count: 84
2026-08-31 15:35:45 | INFO | P02 | Current bill_length_mm: 37.3
2026-08-31 15:35:45 | INFO | P02 | Updated count: 85
2026-08-31 15:35:45 | INFO | P02 | Current bill_length_mm: 41.3
2026-08-31 15:35:45 | INFO | P02 | Updated count: 86
2026-08-31 15:35:45 | INFO | P02 | Current bill_length_mm: 36.3
2026-08-31 15:35:45 | INFO | P02 | Updated count: 87
2026-08-31 15:35:45 | INFO | P02 | Current bill_length_mm: 36.9
2026-08-31 15:35:45 | INFO | P02 | Updated count: 88
2026-08-31 15:35:45 | INFO | P02 | Current bill_length_mm: 38.3
2026-08-31 15:35:45 | INFO | P02 | Updated count: 89
2026-08-31 15:35:45 | INFO | P02 | Current bill_length_mm: 38.9
2026-08-31 15:35:45 | INFO | P02 | Updated count: 90
2026-08-31 15:35:45 | INFO | P02 | Current bill_length_mm: 35.7
2026-08-31 15:35:45 | INFO | P02 | Updated count: 91
2026-08-31 15:35:45 | INFO | P02 | Current bill_length_mm: 41.1
2026-08-31 15:35:45 | INFO | P02 | Updated count: 92
2026-08-31 15:35:45 | INFO | P02 | Current bill_length_mm: 34.0
2026-08-31 15:35:45 | INFO | P02 | Updated count: 93
2026-08-31 15:35:45 | INFO | P02 | Current bill_length_mm: 39.6
2026-08-31 15:35:45 | INFO | P02 | Updated count: 94
2026-08-31 15:35:45 | INFO | P02 | Current bill_length_mm: 36.2
2026-08-31 15:35:45 | INFO | P02 | Updated count: 95
2026-08-31 15:35:45 | INFO | P02 | Current bill_length_mm: 40.8
2026-08-31 15:35:45 | INFO | P02 | Updated count: 96
2026-08-31 15:35:45 | INFO | P02 | Current bill_length_mm: 38.1
2026-08-31 15:35:45 | INFO | P02 | Updated count: 97
2026-08-31 15:35:45 | INFO | P02 | Current bill_length_mm: 40.3
2026-08-31 15:35:45 | INFO | P02 | Updated count: 98
2026-08-31 15:35:45 | INFO | P02 | Current bill_length_mm: 33.1
2026-08-31 15:35:45 | INFO | P02 | Updated count: 99
2026-08-31 15:35:45 | INFO | P02 | Current bill_length_mm: 43.2
2026-08-31 15:35:45 | INFO | P02 | Updated count: 100
2026-08-31 15:35:45 | INFO | P02 | Current bill_length_mm: 35.0
2026-08-31 15:35:45 | INFO | P02 | Updated count: 101
2026-08-31 15:35:45 | INFO | P02 | Current bill_length_mm: 41.0
2026-08-31 15:35:45 | INFO | P02 | Updated count: 102
2026-08-31 15:35:45 | INFO | P02 | Current bill_length_mm: 37.7
2026-08-31 15:35:45 | INFO | P02 | Updated count: 103
2026-08-31 15:35:45 | INFO | P02 | Current bill_length_mm: 37.8
2026-08-31 15:35:45 | INFO | P02 | Updated count: 104
2026-08-31 15:35:45 | INFO | P02 | Current bill_length_mm: 37.9
2026-08-31 15:35:45 | INFO | P02 | Updated count: 105
2026-08-31 15:35:45 | INFO | P02 | Current bill_length_mm: 39.7
2026-08-31 15:35:45 | INFO | P02 | Updated count: 106
2026-08-31 15:35:45 | INFO | P02 | Current bill_length_mm: 38.6
2026-08-31 15:35:45 | INFO | P02 | Updated count: 107
2026-08-31 15:35:45 | INFO | P02 | Current bill_length_mm: 38.2
2026-08-31 15:35:45 | INFO | P02 | Updated count: 108
2026-08-31 15:35:45 | INFO | P02 | Current bill_length_mm: 38.1
2026-08-31 15:35:45 | INFO | P02 | Updated count: 109
2026-08-31 15:35:45 | INFO | P02 | Current bill_length_mm: 43.2
2026-08-31 15:35:45 | INFO | P02 | Updated count: 110
2026-08-31 15:35:45 | INFO | P02 | Current bill_length_mm: 38.1
2026-08-31 15:35:45 | INFO | P02 | Updated count: 111
2026-08-31 15:35:45 | INFO | P02 | Current bill_length_mm: 45.6
2026-08-31 15:35:45 | INFO | P02 | Updated count: 112
2026-08-31 15:35:45 | INFO | P02 | Current bill_length_mm: 39.7
2026-08-31 15:35:45 | INFO | P02 | Updated count: 113
2026-08-31 15:35:45 | INFO | P02 | Current bill_length_mm: 42.2
2026-08-31 15:35:45 | INFO | P02 | Updated count: 114
2026-08-31 15:35:45 | INFO | P02 | Current bill_length_mm: 39.6
2026-08-31 15:35:45 | INFO | P02 | Updated count: 115
2026-08-31 15:35:45 | INFO | P02 | Current bill_length_mm: 42.7
2026-08-31 15:35:45 | INFO | P02 | Updated count: 116
2026-08-31 15:35:45 | INFO | P02 | Current bill_length_mm: 38.6
2026-08-31 15:35:45 | INFO | P02 | Updated count: 117
2026-08-31 15:35:45 | INFO | P02 | Current bill_length_mm: 37.3
2026-08-31 15:35:45 | INFO | P02 | Updated count: 118
2026-08-31 15:35:45 | INFO | P02 | Current bill_length_mm: 35.7
2026-08-31 15:35:45 | INFO | P02 | Updated count: 119
2026-08-31 15:35:45 | INFO | P02 | Current bill_length_mm: 41.1
2026-08-31 15:35:45 | INFO | P02 | Updated count: 120
2026-08-31 15:35:45 | INFO | P02 | Current bill_length_mm: 36.2
2026-08-31 15:35:45 | INFO | P02 | Updated count: 121
2026-08-31 15:35:45 | INFO | P02 | Current bill_length_mm: 37.7
2026-08-31 15:35:45 | INFO | P02 | Updated count: 122
2026-08-31 15:35:45 | INFO | P02 | Current bill_length_mm: 40.2
2026-08-31 15:35:45 | INFO | P02 | Updated count: 123
2026-08-31 15:35:45 | INFO | P02 | Current bill_length_mm: 41.4
2026-08-31 15:35:45 | INFO | P02 | Updated count: 124
2026-08-31 15:35:45 | INFO | P02 | Current bill_length_mm: 35.2
2026-08-31 15:35:45 | INFO | P02 | Updated count: 125
2026-08-31 15:35:45 | INFO | P02 | Current bill_length_mm: 40.6
2026-08-31 15:35:45 | INFO | P02 | Updated count: 126
2026-08-31 15:35:45 | INFO | P02 | Current bill_length_mm: 38.8
2026-08-31 15:35:45 | INFO | P02 | Updated count: 127
2026-08-31 15:35:45 | INFO | P02 | Current bill_length_mm: 41.5
2026-08-31 15:35:45 | INFO | P02 | Updated count: 128
2026-08-31 15:35:45 | INFO | P02 | Current bill_length_mm: 39.0
2026-08-31 15:35:45 | INFO | P02 | Updated count: 129
2026-08-31 15:35:45 | INFO | P02 | Current bill_length_mm: 44.1
2026-08-31 15:35:45 | INFO | P02 | Updated count: 130
2026-08-31 15:35:45 | INFO | P02 | Current bill_length_mm: 38.5
2026-08-31 15:35:45 | INFO | P02 | Updated count: 131
2026-08-31 15:35:45 | INFO | P02 | Current bill_length_mm: 43.1
2026-08-31 15:35:45 | INFO | P02 | Updated count: 132
2026-08-31 15:35:45 | INFO | P02 | Current bill_length_mm: 36.8
2026-08-31 15:35:45 | INFO | P02 | Updated count: 133
2026-08-31 15:35:45 | INFO | P02 | Current bill_length_mm: 37.5
2026-08-31 15:35:45 | INFO | P02 | Updated count: 134
2026-08-31 15:35:45 | INFO | P02 | Current bill_length_mm: 38.1
2026-08-31 15:35:45 | INFO | P02 | Updated count: 135
2026-08-31 15:35:45 | INFO | P02 | Current bill_length_mm: 41.1
2026-08-31 15:35:45 | INFO | P02 | Updated count: 136
2026-08-31 15:35:45 | INFO | P02 | Current bill_length_mm: 35.6
2026-08-31 15:35:45 | INFO | P02 | Updated count: 137
2026-08-31 15:35:45 | INFO | P02 | Current bill_length_mm: 40.2
2026-08-31 15:35:45 | INFO | P02 | Updated count: 138
2026-08-31 15:35:45 | INFO | P02 | Current bill_length_mm: 37.0
2026-08-31 15:35:45 | INFO | P02 | Updated count: 139
2026-08-31 15:35:45 | INFO | P02 | Current bill_length_mm: 39.7
2026-08-31 15:35:45 | INFO | P02 | Updated count: 140
2026-08-31 15:35:45 | INFO | P02 | Current bill_length_mm: 40.2
2026-08-31 15:35:45 | INFO | P02 | Updated count: 141
2026-08-31 15:35:45 | INFO | P02 | Current bill_length_mm: 40.6
2026-08-31 15:35:45 | INFO | P02 | Updated count: 142
2026-08-31 15:35:45 | INFO | P02 | Current bill_length_mm: 32.1
2026-08-31 15:35:45 | INFO | P02 | Updated count: 143
2026-08-31 15:35:45 | INFO | P02 | Current bill_length_mm: 40.7
2026-08-31 15:35:45 | INFO | P02 | Updated count: 144
2026-08-31 15:35:45 | INFO | P02 | Current bill_length_mm: 37.3
2026-08-31 15:35:45 | INFO | P02 | Updated count: 145
2026-08-31 15:35:45 | INFO | P02 | Current bill_length_mm: 39.0
2026-08-31 15:35:45 | INFO | P02 | Updated count: 146
2026-08-31 15:35:45 | INFO | P02 | Current bill_length_mm: 39.2
2026-08-31 15:35:45 | INFO | P02 | Updated count: 147
2026-08-31 15:35:45 | INFO | P02 | Current bill_length_mm: 36.6
2026-08-31 15:35:45 | INFO | P02 | Updated count: 148
2026-08-31 15:35:45 | INFO | P02 | Current bill_length_mm: 36.0
2026-08-31 15:35:45 | INFO | P02 | Updated count: 149
2026-08-31 15:35:45 | INFO | P02 | Current bill_length_mm: 37.8
2026-08-31 15:35:45 | INFO | P02 | Updated count: 150
2026-08-31 15:35:45 | INFO | P02 | Current bill_length_mm: 36.0
2026-08-31 15:35:45 | INFO | P02 | Updated count: 151
2026-08-31 15:35:45 | INFO | P02 | Current bill_length_mm: 41.5
2026-08-31 15:35:45 | INFO | P02 | Updated count: 152
2026-08-31 15:35:45 | INFO | P02 | Current bill_length_mm: 46.1
2026-08-31 15:35:45 | INFO | P02 | Updated count: 153
2026-08-31 15:35:45 | INFO | P02 | Current bill_length_mm: 50.0
2026-08-31 15:35:45 | INFO | P02 | Updated count: 154
2026-08-31 15:35:45 | INFO | P02 | Current bill_length_mm: 48.7
2026-08-31 15:35:45 | INFO | P02 | Updated count: 155
2026-08-31 15:35:45 | INFO | P02 | Current bill_length_mm: 50.0
2026-08-31 15:35:45 | INFO | P02 | Updated count: 156
2026-08-31 15:35:45 | INFO | P02 | Current bill_length_mm: 47.6
2026-08-31 15:35:45 | INFO | P02 | Updated count: 157
2026-08-31 15:35:45 | INFO | P02 | Current bill_length_mm: 46.5
2026-08-31 15:35:45 | INFO | P02 | Updated count: 158
2026-08-31 15:35:45 | INFO | P02 | Current bill_length_mm: 45.4
2026-08-31 15:35:45 | INFO | P02 | Updated count: 159
2026-08-31 15:35:45 | INFO | P02 | Current bill_length_mm: 46.7
2026-08-31 15:35:45 | INFO | P02 | Updated count: 160
2026-08-31 15:35:45 | INFO | P02 | Current bill_length_mm: 43.3
2026-08-31 15:35:45 | INFO | P02 | Updated count: 161
2026-08-31 15:35:45 | INFO | P02 | Current bill_length_mm: 46.8
2026-08-31 15:35:45 | INFO | P02 | Updated count: 162
2026-08-31 15:35:45 | INFO | P02 | Current bill_length_mm: 40.9
2026-08-31 15:35:45 | INFO | P02 | Updated count: 163
2026-08-31 15:35:45 | INFO | P02 | Current bill_length_mm: 49.0
2026-08-31 15:35:45 | INFO | P02 | Updated count: 164
2026-08-31 15:35:45 | INFO | P02 | Current bill_length_mm: 45.5
2026-08-31 15:35:45 | INFO | P02 | Updated count: 165
2026-08-31 15:35:45 | INFO | P02 | Current bill_length_mm: 48.4
2026-08-31 15:35:45 | INFO | P02 | Updated count: 166
2026-08-31 15:35:45 | INFO | P02 | Current bill_length_mm: 45.8
2026-08-31 15:35:45 | INFO | P02 | Updated count: 167
2026-08-31 15:35:45 | INFO | P02 | Current bill_length_mm: 49.3
2026-08-31 15:35:45 | INFO | P02 | Updated count: 168
2026-08-31 15:35:45 | INFO | P02 | Current bill_length_mm: 42.0
2026-08-31 15:35:45 | INFO | P02 | Updated count: 169
2026-08-31 15:35:45 | INFO | P02 | Current bill_length_mm: 49.2
2026-08-31 15:35:45 | INFO | P02 | Updated count: 170
2026-08-31 15:35:45 | INFO | P02 | Current bill_length_mm: 46.2
2026-08-31 15:35:45 | INFO | P02 | Updated count: 171
2026-08-31 15:35:45 | INFO | P02 | Current bill_length_mm: 48.7
2026-08-31 15:35:45 | INFO | P02 | Updated count: 172
2026-08-31 15:35:45 | INFO | P02 | Current bill_length_mm: 50.2
2026-08-31 15:35:45 | INFO | P02 | Updated count: 173
2026-08-31 15:35:45 | INFO | P02 | Current bill_length_mm: 45.1
2026-08-31 15:35:45 | INFO | P02 | Updated count: 174
2026-08-31 15:35:45 | INFO | P02 | Current bill_length_mm: 46.5
2026-08-31 15:35:45 | INFO | P02 | Updated count: 175
2026-08-31 15:35:45 | INFO | P02 | Current bill_length_mm: 46.3
2026-08-31 15:35:45 | INFO | P02 | Updated count: 176
2026-08-31 15:35:45 | INFO | P02 | Current bill_length_mm: 42.9
2026-08-31 15:35:45 | INFO | P02 | Updated count: 177
2026-08-31 15:35:45 | INFO | P02 | Current bill_length_mm: 46.1
2026-08-31 15:35:45 | INFO | P02 | Updated count: 178
2026-08-31 15:35:45 | INFO | P02 | Current bill_length_mm: 44.5
2026-08-31 15:35:45 | INFO | P02 | Updated count: 179
2026-08-31 15:35:45 | INFO | P02 | Current bill_length_mm: 47.8
2026-08-31 15:35:45 | INFO | P02 | Updated count: 180
2026-08-31 15:35:45 | INFO | P02 | Current bill_length_mm: 48.2
2026-08-31 15:35:45 | INFO | P02 | Updated count: 181
2026-08-31 15:35:45 | INFO | P02 | Current bill_length_mm: 50.0
2026-08-31 15:35:45 | INFO | P02 | Updated count: 182
2026-08-31 15:35:45 | INFO | P02 | Current bill_length_mm: 47.3
2026-08-31 15:35:45 | INFO | P02 | Updated count: 183
2026-08-31 15:35:45 | INFO | P02 | Current bill_length_mm: 42.8
2026-08-31 15:35:45 | INFO | P02 | Updated count: 184
2026-08-31 15:35:45 | INFO | P02 | Current bill_length_mm: 45.1
2026-08-31 15:35:45 | INFO | P02 | Updated count: 185
2026-08-31 15:35:45 | INFO | P02 | Current bill_length_mm: 59.6
2026-08-31 15:35:45 | INFO | P02 | Updated count: 186
2026-08-31 15:35:45 | INFO | P02 | Current bill_length_mm: 49.1
2026-08-31 15:35:45 | INFO | P02 | Updated count: 187
2026-08-31 15:35:45 | INFO | P02 | Current bill_length_mm: 48.4
2026-08-31 15:35:45 | INFO | P02 | Updated count: 188
2026-08-31 15:35:45 | INFO | P02 | Current bill_length_mm: 42.6
2026-08-31 15:35:45 | INFO | P02 | Updated count: 189
2026-08-31 15:35:45 | INFO | P02 | Current bill_length_mm: 44.4
2026-08-31 15:35:45 | INFO | P02 | Updated count: 190
2026-08-31 15:35:45 | INFO | P02 | Current bill_length_mm: 44.0
2026-08-31 15:35:45 | INFO | P02 | Updated count: 191
2026-08-31 15:35:45 | INFO | P02 | Current bill_length_mm: 48.7
2026-08-31 15:35:45 | INFO | P02 | Updated count: 192
2026-08-31 15:35:45 | INFO | P02 | Current bill_length_mm: 42.7
2026-08-31 15:35:45 | INFO | P02 | Updated count: 193
2026-08-31 15:35:45 | INFO | P02 | Current bill_length_mm: 49.6
2026-08-31 15:35:45 | INFO | P02 | Updated count: 194
2026-08-31 15:35:45 | INFO | P02 | Current bill_length_mm: 45.3
2026-08-31 15:35:45 | INFO | P02 | Updated count: 195
2026-08-31 15:35:45 | INFO | P02 | Current bill_length_mm: 49.6
2026-08-31 15:35:45 | INFO | P02 | Updated count: 196
2026-08-31 15:35:45 | INFO | P02 | Current bill_length_mm: 50.5
2026-08-31 15:35:45 | INFO | P02 | Updated count: 197
2026-08-31 15:35:45 | INFO | P02 | Current bill_length_mm: 43.6
2026-08-31 15:35:45 | INFO | P02 | Updated count: 198
2026-08-31 15:35:45 | INFO | P02 | Current bill_length_mm: 45.5
2026-08-31 15:35:45 | INFO | P02 | Updated count: 199
2026-08-31 15:35:45 | INFO | P02 | Current bill_length_mm: 50.5
2026-08-31 15:35:45 | INFO | P02 | Updated count: 200
2026-08-31 15:35:45 | INFO | P02 | Current bill_length_mm: 44.9
2026-08-31 15:35:45 | INFO | P02 | Updated count: 201
2026-08-31 15:35:45 | INFO | P02 | Current bill_length_mm: 45.2
2026-08-31 15:35:45 | INFO | P02 | Updated count: 202
2026-08-31 15:35:45 | INFO | P02 | Current bill_length_mm: 46.6
2026-08-31 15:35:45 | INFO | P02 | Updated count: 203
2026-08-31 15:35:45 | INFO | P02 | Current bill_length_mm: 48.5
2026-08-31 15:35:45 | INFO | P02 | Updated count: 204
2026-08-31 15:35:45 | INFO | P02 | Current bill_length_mm: 45.1
2026-08-31 15:35:45 | INFO | P02 | Updated count: 205
2026-08-31 15:35:45 | INFO | P02 | Current bill_length_mm: 50.1
2026-08-31 15:35:45 | INFO | P02 | Updated count: 206
2026-08-31 15:35:45 | INFO | P02 | Current bill_length_mm: 46.5
2026-08-31 15:35:45 | INFO | P02 | Updated count: 207
2026-08-31 15:35:45 | INFO | P02 | Current bill_length_mm: 45.0
2026-08-31 15:35:45 | INFO | P02 | Updated count: 208
2026-08-31 15:35:45 | INFO | P02 | Current bill_length_mm: 43.8
2026-08-31 15:35:45 | INFO | P02 | Updated count: 209
2026-08-31 15:35:45 | INFO | P02 | Current bill_length_mm: 45.5
2026-08-31 15:35:45 | INFO | P02 | Updated count: 210
2026-08-31 15:35:45 | INFO | P02 | Current bill_length_mm: 43.2
2026-08-31 15:35:45 | INFO | P02 | Updated count: 211
2026-08-31 15:35:45 | INFO | P02 | Current bill_length_mm: 50.4
2026-08-31 15:35:45 | INFO | P02 | Updated count: 212
2026-08-31 15:35:45 | INFO | P02 | Current bill_length_mm: 45.3
2026-08-31 15:35:45 | INFO | P02 | Updated count: 213
2026-08-31 15:35:45 | INFO | P02 | Current bill_length_mm: 46.2
2026-08-31 15:35:45 | INFO | P02 | Updated count: 214
2026-08-31 15:35:45 | INFO | P02 | Current bill_length_mm: 45.7
2026-08-31 15:35:45 | INFO | P02 | Updated count: 215
2026-08-31 15:35:45 | INFO | P02 | Current bill_length_mm: 54.3
2026-08-31 15:35:45 | INFO | P02 | Updated count: 216
2026-08-31 15:35:45 | INFO | P02 | Current bill_length_mm: 45.8
2026-08-31 15:35:45 | INFO | P02 | Updated count: 217
2026-08-31 15:35:45 | INFO | P02 | Current bill_length_mm: 49.8
2026-08-31 15:35:45 | INFO | P02 | Updated count: 218
2026-08-31 15:35:45 | INFO | P02 | Current bill_length_mm: 46.2
2026-08-31 15:35:45 | INFO | P02 | Updated count: 219
2026-08-31 15:35:45 | INFO | P02 | Current bill_length_mm: 49.5
2026-08-31 15:35:45 | INFO | P02 | Updated count: 220
2026-08-31 15:35:45 | INFO | P02 | Current bill_length_mm: 43.5
2026-08-31 15:35:45 | INFO | P02 | Updated count: 221
2026-08-31 15:35:45 | INFO | P02 | Current bill_length_mm: 50.7
2026-08-31 15:35:45 | INFO | P02 | Updated count: 222
2026-08-31 15:35:45 | INFO | P02 | Current bill_length_mm: 47.7
2026-08-31 15:35:45 | INFO | P02 | Updated count: 223
2026-08-31 15:35:45 | INFO | P02 | Current bill_length_mm: 46.4
2026-08-31 15:35:45 | INFO | P02 | Updated count: 224
2026-08-31 15:35:45 | INFO | P02 | Current bill_length_mm: 48.2
2026-08-31 15:35:45 | INFO | P02 | Updated count: 225
2026-08-31 15:35:45 | INFO | P02 | Current bill_length_mm: 46.5
2026-08-31 15:35:45 | INFO | P02 | Updated count: 226
2026-08-31 15:35:45 | INFO | P02 | Current bill_length_mm: 46.4
2026-08-31 15:35:45 | INFO | P02 | Updated count: 227
2026-08-31 15:35:45 | INFO | P02 | Current bill_length_mm: 48.6
2026-08-31 15:35:45 | INFO | P02 | Updated count: 228
2026-08-31 15:35:45 | INFO | P02 | Current bill_length_mm: 47.5
2026-08-31 15:35:45 | INFO | P02 | Updated count: 229
2026-08-31 15:35:45 | INFO | P02 | Current bill_length_mm: 51.1
2026-08-31 15:35:45 | INFO | P02 | Updated count: 230
2026-08-31 15:35:45 | INFO | P02 | Current bill_length_mm: 45.2
2026-08-31 15:35:45 | INFO | P02 | Updated count: 231
2026-08-31 15:35:45 | INFO | P02 | Current bill_length_mm: 45.2
2026-08-31 15:35:45 | INFO | P02 | Updated count: 232
2026-08-31 15:35:45 | INFO | P02 | Current bill_length_mm: 49.1
2026-08-31 15:35:45 | INFO | P02 | Updated count: 233
2026-08-31 15:35:45 | INFO | P02 | Current bill_length_mm: 52.5
2026-08-31 15:35:45 | INFO | P02 | Updated count: 234
2026-08-31 15:35:45 | INFO | P02 | Current bill_length_mm: 47.4
2026-08-31 15:35:45 | INFO | P02 | Updated count: 235
2026-08-31 15:35:45 | INFO | P02 | Current bill_length_mm: 50.0
2026-08-31 15:35:45 | INFO | P02 | Updated count: 236
2026-08-31 15:35:45 | INFO | P02 | Current bill_length_mm: 44.9
2026-08-31 15:35:45 | INFO | P02 | Updated count: 237
2026-08-31 15:35:45 | INFO | P02 | Current bill_length_mm: 50.8
2026-08-31 15:35:45 | INFO | P02 | Updated count: 238
2026-08-31 15:35:45 | INFO | P02 | Current bill_length_mm: 43.4
2026-08-31 15:35:45 | INFO | P02 | Updated count: 239
2026-08-31 15:35:45 | INFO | P02 | Current bill_length_mm: 51.3
2026-08-31 15:35:45 | INFO | P02 | Updated count: 240
2026-08-31 15:35:45 | INFO | P02 | Current bill_length_mm: 47.5
2026-08-31 15:35:45 | INFO | P02 | Updated count: 241
2026-08-31 15:35:45 | INFO | P02 | Current bill_length_mm: 52.1
2026-08-31 15:35:45 | INFO | P02 | Updated count: 242
2026-08-31 15:35:45 | INFO | P02 | Current bill_length_mm: 47.5
2026-08-31 15:35:45 | INFO | P02 | Updated count: 243
2026-08-31 15:35:45 | INFO | P02 | Current bill_length_mm: 52.2
2026-08-31 15:35:45 | INFO | P02 | Updated count: 244
2026-08-31 15:35:45 | INFO | P02 | Current bill_length_mm: 45.5
2026-08-31 15:35:45 | INFO | P02 | Updated count: 245
2026-08-31 15:35:45 | INFO | P02 | Current bill_length_mm: 49.5
2026-08-31 15:35:45 | INFO | P02 | Updated count: 246
2026-08-31 15:35:45 | INFO | P02 | Current bill_length_mm: 44.5
2026-08-31 15:35:45 | INFO | P02 | Updated count: 247
2026-08-31 15:35:45 | INFO | P02 | Current bill_length_mm: 50.8
2026-08-31 15:35:45 | INFO | P02 | Updated count: 248
2026-08-31 15:35:45 | INFO | P02 | Current bill_length_mm: 49.4
2026-08-31 15:35:45 | INFO | P02 | Updated count: 249
2026-08-31 15:35:45 | INFO | P02 | Current bill_length_mm: 46.9
2026-08-31 15:35:45 | INFO | P02 | Updated count: 250
2026-08-31 15:35:45 | INFO | P02 | Current bill_length_mm: 48.4
2026-08-31 15:35:45 | INFO | P02 | Updated count: 251
2026-08-31 15:35:45 | INFO | P02 | Current bill_length_mm: 51.1
2026-08-31 15:35:45 | INFO | P02 | Updated count: 252
2026-08-31 15:35:45 | INFO | P02 | Current bill_length_mm: 48.5
2026-08-31 15:35:45 | INFO | P02 | Updated count: 253
2026-08-31 15:35:45 | INFO | P02 | Current bill_length_mm: 55.9
2026-08-31 15:35:45 | INFO | P02 | Updated count: 254
2026-08-31 15:35:45 | INFO | P02 | Current bill_length_mm: 47.2
2026-08-31 15:35:45 | INFO | P02 | Updated count: 255
2026-08-31 15:35:45 | INFO | P02 | Current bill_length_mm: 49.1
2026-08-31 15:35:45 | INFO | P02 | Updated count: 256
2026-08-31 15:35:45 | INFO | P02 | Current bill_length_mm: 47.3
2026-08-31 15:35:45 | INFO | P02 | Updated count: 257
2026-08-31 15:35:45 | INFO | P02 | Current bill_length_mm: 46.8
2026-08-31 15:35:45 | INFO | P02 | Updated count: 258
2026-08-31 15:35:45 | INFO | P02 | Current bill_length_mm: 41.7
2026-08-31 15:35:45 | INFO | P02 | Updated count: 259
2026-08-31 15:35:45 | INFO | P02 | Current bill_length_mm: 53.4
2026-08-31 15:35:45 | INFO | P02 | Updated count: 260
2026-08-31 15:35:45 | INFO | P02 | Current bill_length_mm: 43.3
2026-08-31 15:35:45 | INFO | P02 | Updated count: 261
2026-08-31 15:35:45 | INFO | P02 | Current bill_length_mm: 48.1
2026-08-31 15:35:45 | INFO | P02 | Updated count: 262
2026-08-31 15:35:45 | INFO | P02 | Current bill_length_mm: 50.5
2026-08-31 15:35:45 | INFO | P02 | Updated count: 263
2026-08-31 15:35:45 | INFO | P02 | Current bill_length_mm: 49.8
2026-08-31 15:35:45 | INFO | P02 | Updated count: 264
2026-08-31 15:35:45 | INFO | P02 | Current bill_length_mm: 43.5
2026-08-31 15:35:45 | INFO | P02 | Updated count: 265
2026-08-31 15:35:45 | INFO | P02 | Current bill_length_mm: 51.5
2026-08-31 15:35:45 | INFO | P02 | Updated count: 266
2026-08-31 15:35:45 | INFO | P02 | Current bill_length_mm: 46.2
2026-08-31 15:35:45 | INFO | P02 | Updated count: 267
2026-08-31 15:35:45 | INFO | P02 | Current bill_length_mm: 55.1
2026-08-31 15:35:45 | INFO | P02 | Updated count: 268
2026-08-31 15:35:45 | INFO | P02 | Current bill_length_mm: 44.5
2026-08-31 15:35:45 | INFO | P02 | Updated count: 269
2026-08-31 15:35:45 | INFO | P02 | Current bill_length_mm: 48.8
2026-08-31 15:35:45 | INFO | P02 | Updated count: 270
2026-08-31 15:35:45 | INFO | P02 | Current bill_length_mm: 47.2
2026-08-31 15:35:45 | INFO | P02 | Updated count: 271
2026-08-31 15:35:45 | INFO | P02 | Current bill_length_mm: nan
2026-08-31 15:35:45 | INFO | P02 | Updated count: 272
2026-08-31 15:35:45 | INFO | P02 | Current bill_length_mm: 46.8
2026-08-31 15:35:45 | INFO | P02 | Updated count: 273
2026-08-31 15:35:45 | INFO | P02 | Current bill_length_mm: 50.4
2026-08-31 15:35:45 | INFO | P02 | Updated count: 274
2026-08-31 15:35:45 | INFO | P02 | Current bill_length_mm: 45.2
2026-08-31 15:35:45 | INFO | P02 | Updated count: 275
2026-08-31 15:35:45 | INFO | P02 | Current bill_length_mm: 49.9
2026-08-31 15:35:45 | INFO | P02 | Updated count: 276
2026-08-31 15:35:45 | INFO | P02 | Current bill_length_mm: 46.5
2026-08-31 15:35:45 | INFO | P02 | Updated count: 277
2026-08-31 15:35:45 | INFO | P02 | Current bill_length_mm: 50.0
2026-08-31 15:35:45 | INFO | P02 | Updated count: 278
2026-08-31 15:35:45 | INFO | P02 | Current bill_length_mm: 51.3
2026-08-31 15:35:45 | INFO | P02 | Updated count: 279
2026-08-31 15:35:45 | INFO | P02 | Current bill_length_mm: 45.4
2026-08-31 15:35:45 | INFO | P02 | Updated count: 280
2026-08-31 15:35:45 | INFO | P02 | Current bill_length_mm: 52.7
2026-08-31 15:35:45 | INFO | P02 | Updated count: 281
2026-08-31 15:35:45 | INFO | P02 | Current bill_length_mm: 45.2
2026-08-31 15:35:45 | INFO | P02 | Updated count: 282
2026-08-31 15:35:45 | INFO | P02 | Current bill_length_mm: 46.1
2026-08-31 15:35:45 | INFO | P02 | Updated count: 283
2026-08-31 15:35:45 | INFO | P02 | Current bill_length_mm: 51.3
2026-08-31 15:35:45 | INFO | P02 | Updated count: 284
2026-08-31 15:35:45 | INFO | P02 | Current bill_length_mm: 46.0
2026-08-31 15:35:45 | INFO | P02 | Updated count: 285
2026-08-31 15:35:45 | INFO | P02 | Current bill_length_mm: 51.3
2026-08-31 15:35:45 | INFO | P02 | Updated count: 286
2026-08-31 15:35:45 | INFO | P02 | Current bill_length_mm: 46.6
2026-08-31 15:35:45 | INFO | P02 | Updated count: 287
2026-08-31 15:35:45 | INFO | P02 | Current bill_length_mm: 51.7
2026-08-31 15:35:45 | INFO | P02 | Updated count: 288
2026-08-31 15:35:45 | INFO | P02 | Current bill_length_mm: 47.0
2026-08-31 15:35:45 | INFO | P02 | Updated count: 289
2026-08-31 15:35:45 | INFO | P02 | Current bill_length_mm: 52.0
2026-08-31 15:35:45 | INFO | P02 | Updated count: 290
2026-08-31 15:35:45 | INFO | P02 | Current bill_length_mm: 45.9
2026-08-31 15:35:45 | INFO | P02 | Updated count: 291
2026-08-31 15:35:45 | INFO | P02 | Current bill_length_mm: 50.5
2026-08-31 15:35:45 | INFO | P02 | Updated count: 292
2026-08-31 15:35:45 | INFO | P02 | Current bill_length_mm: 50.3
2026-08-31 15:35:45 | INFO | P02 | Updated count: 293
2026-08-31 15:35:45 | INFO | P02 | Current bill_length_mm: 58.0
2026-08-31 15:35:45 | INFO | P02 | Updated count: 294
2026-08-31 15:35:45 | INFO | P02 | Current bill_length_mm: 46.4
2026-08-31 15:35:45 | INFO | P02 | Updated count: 295
2026-08-31 15:35:45 | INFO | P02 | Current bill_length_mm: 49.2
2026-08-31 15:35:45 | INFO | P02 | Updated count: 296
2026-08-31 15:35:45 | INFO | P02 | Current bill_length_mm: 42.4
2026-08-31 15:35:45 | INFO | P02 | Updated count: 297
2026-08-31 15:35:45 | INFO | P02 | Current bill_length_mm: 48.5
2026-08-31 15:35:45 | INFO | P02 | Updated count: 298
2026-08-31 15:35:45 | INFO | P02 | Current bill_length_mm: 43.2
2026-08-31 15:35:45 | INFO | P02 | Updated count: 299
2026-08-31 15:35:45 | INFO | P02 | Current bill_length_mm: 50.6
2026-08-31 15:35:45 | INFO | P02 | Updated count: 300
2026-08-31 15:35:45 | INFO | P02 | Current bill_length_mm: 46.7
2026-08-31 15:35:45 | INFO | P02 | Updated count: 301
2026-08-31 15:35:45 | INFO | P02 | Current bill_length_mm: 52.0
2026-08-31 15:35:45 | INFO | P02 | Updated count: 302
2026-08-31 15:35:45 | INFO | P02 | Current bill_length_mm: 50.5
2026-08-31 15:35:45 | INFO | P02 | Updated count: 303
2026-08-31 15:35:45 | INFO | P02 | Current bill_length_mm: 49.5
2026-08-31 15:35:45 | INFO | P02 | Updated count: 304
2026-08-31 15:35:45 | INFO | P02 | Current bill_length_mm: 46.4
2026-08-31 15:35:45 | INFO | P02 | Updated count: 305
2026-08-31 15:35:45 | INFO | P02 | Current bill_length_mm: 52.8
2026-08-31 15:35:45 | INFO | P02 | Updated count: 306
2026-08-31 15:35:45 | INFO | P02 | Current bill_length_mm: 40.9
2026-08-31 15:35:45 | INFO | P02 | Updated count: 307
2026-08-31 15:35:45 | INFO | P02 | Current bill_length_mm: 54.2
2026-08-31 15:35:45 | INFO | P02 | Updated count: 308
2026-08-31 15:35:45 | INFO | P02 | Current bill_length_mm: 42.5
2026-08-31 15:35:45 | INFO | P02 | Updated count: 309
2026-08-31 15:35:45 | INFO | P02 | Current bill_length_mm: 51.0
2026-08-31 15:35:45 | INFO | P02 | Updated count: 310
2026-08-31 15:35:45 | INFO | P02 | Current bill_length_mm: 49.7
2026-08-31 15:35:45 | INFO | P02 | Updated count: 311
2026-08-31 15:35:45 | INFO | P02 | Current bill_length_mm: 47.5
2026-08-31 15:35:45 | INFO | P02 | Updated count: 312
2026-08-31 15:35:45 | INFO | P02 | Current bill_length_mm: 47.6
2026-08-31 15:35:45 | INFO | P02 | Updated count: 313
2026-08-31 15:35:45 | INFO | P02 | Current bill_length_mm: 52.0
2026-08-31 15:35:45 | INFO | P02 | Updated count: 314
2026-08-31 15:35:45 | INFO | P02 | Current bill_length_mm: 46.9
2026-08-31 15:35:45 | INFO | P02 | Updated count: 315
2026-08-31 15:35:45 | INFO | P02 | Current bill_length_mm: 53.5
2026-08-31 15:35:45 | INFO | P02 | Updated count: 316
2026-08-31 15:35:45 | INFO | P02 | Current bill_length_mm: 49.0
2026-08-31 15:35:45 | INFO | P02 | Updated count: 317
2026-08-31 15:35:45 | INFO | P02 | Current bill_length_mm: 46.2
2026-08-31 15:35:45 | INFO | P02 | Updated count: 318
2026-08-31 15:35:45 | INFO | P02 | Current bill_length_mm: 50.9
2026-08-31 15:35:45 | INFO | P02 | Updated count: 319
2026-08-31 15:35:45 | INFO | P02 | Current bill_length_mm: 45.5
2026-08-31 15:35:45 | INFO | P02 | Updated count: 320
2026-08-31 15:35:45 | INFO | P02 | Current bill_length_mm: 50.9
2026-08-31 15:35:45 | INFO | P02 | Updated count: 321
2026-08-31 15:35:45 | INFO | P02 | Current bill_length_mm: 50.8
2026-08-31 15:35:45 | INFO | P02 | Updated count: 322
2026-08-31 15:35:45 | INFO | P02 | Current bill_length_mm: 50.1
2026-08-31 15:35:45 | INFO | P02 | Updated count: 323
2026-08-31 15:35:45 | INFO | P02 | Current bill_length_mm: 49.0
2026-08-31 15:35:45 | INFO | P02 | Updated count: 324
2026-08-31 15:35:45 | INFO | P02 | Current bill_length_mm: 51.5
2026-08-31 15:35:45 | INFO | P02 | Updated count: 325
2026-08-31 15:35:45 | INFO | P02 | Current bill_length_mm: 49.8
2026-08-31 15:35:45 | INFO | P02 | Updated count: 326
2026-08-31 15:35:45 | INFO | P02 | Current bill_length_mm: 48.1
2026-08-31 15:35:45 | INFO | P02 | Updated count: 327
2026-08-31 15:35:45 | INFO | P02 | Current bill_length_mm: 51.4
2026-08-31 15:35:45 | INFO | P02 | Updated count: 328
2026-08-31 15:35:45 | INFO | P02 | Current bill_length_mm: 45.7
2026-08-31 15:35:45 | INFO | P02 | Updated count: 329
2026-08-31 15:35:45 | INFO | P02 | Current bill_length_mm: 50.7
2026-08-31 15:35:45 | INFO | P02 | Updated count: 330
2026-08-31 15:35:45 | INFO | P02 | Current bill_length_mm: 42.5
2026-08-31 15:35:45 | INFO | P02 | Updated count: 331
2026-08-31 15:35:45 | INFO | P02 | Current bill_length_mm: 52.2
2026-08-31 15:35:45 | INFO | P02 | Updated count: 332
2026-08-31 15:35:45 | INFO | P02 | Current bill_length_mm: 45.2
2026-08-31 15:35:45 | INFO | P02 | Updated count: 333
2026-08-31 15:35:45 | INFO | P02 | Current bill_length_mm: 49.3
2026-08-31 15:35:45 | INFO | P02 | Updated count: 334
2026-08-31 15:35:45 | INFO | P02 | Current bill_length_mm: 50.2
2026-08-31 15:35:45 | INFO | P02 | Updated count: 335
2026-08-31 15:35:45 | INFO | P02 | Current bill_length_mm: 45.6
2026-08-31 15:35:45 | INFO | P02 | Updated count: 336
2026-08-31 15:35:45 | INFO | P02 | Current bill_length_mm: 51.9
2026-08-31 15:35:45 | INFO | P02 | Updated count: 337
2026-08-31 15:35:45 | INFO | P02 | Current bill_length_mm: 46.8
2026-08-31 15:35:45 | INFO | P02 | Updated count: 338
2026-08-31 15:35:45 | INFO | P02 | Current bill_length_mm: 45.7
2026-08-31 15:35:45 | INFO | P02 | Updated count: 339
2026-08-31 15:35:45 | INFO | P02 | Current bill_length_mm: 55.8
2026-08-31 15:35:45 | INFO | P02 | Updated count: 340
2026-08-31 15:35:45 | INFO | P02 | Current bill_length_mm: 43.5
2026-08-31 15:35:45 | INFO | P02 | Updated count: 341
2026-08-31 15:35:45 | INFO | P02 | Current bill_length_mm: 49.6
2026-08-31 15:35:45 | INFO | P02 | Updated count: 342
2026-08-31 15:35:45 | INFO | P02 | Current bill_length_mm: 50.8
2026-08-31 15:35:45 | INFO | P02 | Updated count: 343
2026-08-31 15:35:45 | INFO | P02 | Current bill_length_mm: 50.2
2026-08-31 15:35:45 | INFO | P02 | Updated count: 344
2026-08-31 15:35:45 | INFO | P02 | -------------------------------
2026-08-31 15:35:45 | INFO | P02 | 07. VISUALIZE the selected measurement.
2026-08-31 15:35:45 | INFO | P02 | -------------------------------
2026-08-31 15:35:45 | INFO | P02 | Creating a chart to visualize the selected measurement.
2026-08-31 15:35:45 | INFO | P02 | We selected one numeric column, so let's look at the distribution.
2026-08-31 15:35:45 | INFO | P02 | Chart saved successfully at docs/images/measurement-distribution.png.
2026-08-31 15:35:45 | INFO | P02 | IMPORTANT: Close chart window to continue by clicking its X or close button.
2026-08-31 15:35:48 | INFO | P02 | ===================================
2026-08-31 15:35:48 | INFO | P02 | END main() - Executed successfully!
2026-08-31 15:35:48 | INFO | P02 | ===================================
2026-08-31 15:35:48 | INFO | P02 | === RUN START ===
2026-08-31 15:35:48 | INFO | P02 | project=P02
2026-08-31 15:35:48 | INFO | P02 | repo_dir=datafun-02-automation
2026-08-31 15:35:48 | INFO | P02 | python=3.14.7
2026-08-31 15:35:48 | INFO | P02 | os=Darwin 23.5.0
2026-08-31 15:35:48 | INFO | P02 | shell=zsh
2026-08-31 15:35:48 | INFO | P02 | cwd=.
2026-08-31 15:35:48 | INFO | P02 | github_actions=False
2026-08-31 15:35:48 | INFO | P02 | ===================================
2026-08-31 15:35:48 | INFO | P02 | START main()
2026-08-31 15:35:48 | INFO | P02 | ===================================
2026-08-31 15:35:48 | INFO | P02 | -------------------------------
2026-08-31 15:35:48 | INFO | P02 | 01. LOAD the data.
2026-08-31 15:35:48 | INFO | P02 | -------------------------------
2026-08-31 15:35:48 | INFO | P02 | data file = data/penguins.csv
2026-08-31 15:43:10 | INFO | P02 | Data loaded successfully.
2026-08-31 15:43:10 | INFO | P02 | -------------------------------
2026-08-31 15:43:10 | INFO | P02 | 02. INSPECT the data.
2026-08-31 15:43:10 | INFO | P02 | -------------------------------
2026-08-31 15:43:10 | INFO | P02 | START inspect
2026-08-31 15:43:10 | INFO | P02 |    row_count:    344
2026-08-31 15:43:10 | INFO | P02 |    column_count: 8
2026-08-31 15:43:10 | INFO | P02 |    column_names: ['species', 'island', 'bill_length_mm', 'bill_depth_mm', 'flipper_length_mm', 'body_mass_g', 'sex', 'year']
2026-08-31 15:43:10 | INFO | P02 | END inspect. Returning inspection_string.
2026-08-31 15:43:10 | INFO | P02 | 
----------------
Data Inspection:
----------------
    One row means: one penguin
    Row count: 344
    Column count: 8
    Column names: ['species', 'island', 'bill_length_mm', 'bill_depth_mm', 'flipper_length_mm', 'body_mass_g', 'sex', 'year']

---------------
First Few Rows:
---------------
  species     island  bill_length_mm  bill_depth_mm  flipper_length_mm  body_mass_g     sex  year
0  Adelie  Torgersen            39.1           18.7              181.0       3750.0    male  2007
1  Adelie  Torgersen            39.5           17.4              186.0       3800.0  female  2007
2  Adelie  Torgersen            40.3           18.0              195.0       3250.0  female  2007
3  Adelie  Torgersen             NaN            NaN                NaN          NaN     NaN  2007
4  Adelie  Torgersen            36.7           19.3              193.0       3450.0  female  2007

2026-08-31 15:43:10 | INFO | P02 | -------------------------------
2026-08-31 15:43:10 | INFO | P02 | 03. REPEAT logic using a for loop.
2026-08-31 15:43:10 | INFO | P02 | -------------------------------
2026-08-31 15:43:10 | INFO | P02 | Column name: species
2026-08-31 15:43:10 | INFO | P02 | Column name: island
2026-08-31 15:43:10 | INFO | P02 | Column name: bill_length_mm
2026-08-31 15:43:10 | INFO | P02 | Column name: bill_depth_mm
2026-08-31 15:43:10 | INFO | P02 | Column name: flipper_length_mm
2026-08-31 15:43:10 | INFO | P02 | Column name: body_mass_g
2026-08-31 15:43:10 | INFO | P02 | Column name: sex
2026-08-31 15:43:10 | INFO | P02 | Column name: year
2026-08-31 15:43:10 | INFO | P02 | Selected group column: species
2026-08-31 15:43:10 | INFO | P02 | Reason for choosing this group: 
The species column has a small number of unique values.
There are three unique species, so a for loop can
process and log each one.

2026-08-31 15:43:10 | INFO | P02 | Item: Adelie
2026-08-31 15:43:10 | INFO | P02 | -------------------------------
2026-08-31 15:43:10 | INFO | P02 | 04. TRANSFORM one list to another list.
2026-08-31 15:43:10 | INFO | P02 | -------------------------------
2026-08-31 15:43:10 | INFO | P02 | Capitalized column names: ['SPECIES', 'ISLAND', 'BILL_LENGTH_MM', 'BILL_DEPTH_MM', 'FLIPPER_LENGTH_MM', 'BODY_MASS_G', 'SEX', 'YEAR']
2026-08-31 15:43:10 | INFO | P02 | -------------------------------
2026-08-31 15:43:10 | INFO | P02 | 05. BRANCH based on conditions.
2026-08-31 15:43:10 | INFO | P02 | -------------------------------
2026-08-31 15:43:10 | INFO | P02 | Selected measurement column: bill_length_mm
2026-08-31 15:43:10 | INFO | P02 | Reason for choosing this measurement: 
Bill length varies across penguins.
There is no fixed cutoff, so we'll calculate the average
and assign a classification depending on a threshold
around the average value.

2026-08-31 15:43:10 | INFO | P02 | bill_length_mm - Minimum: 32.1
2026-08-31 15:43:10 | INFO | P02 | bill_length_mm - Maximum:  59.6
2026-08-31 15:43:10 | INFO | P02 | bill_length_mm - Mean:     43.9219298245614
2026-08-31 15:43:10 | INFO | P02 | -------------------------------
2026-08-31 15:43:10 | INFO | P02 | Sample bill_length_mm: 39.1
2026-08-31 15:43:10 | INFO | P02 | Short threshold multiplier: 0.9
2026-08-31 15:43:10 | INFO | P02 | Long threshold multiplier:  1.1
2026-08-31 15:43:10 | INFO | P02 | Short threshold: 39.529736842105265
2026-08-31 15:43:10 | INFO | P02 | Long threshold:  48.31412280701755
2026-08-31 15:43:10 | INFO | P02 | First row bill_length_mm classification: SHORT
2026-08-31 15:43:10 | INFO | P02 | -------------------------------
2026-08-31 15:43:10 | INFO | P02 | 06. REPEAT while a condition is true.
2026-08-31 15:43:10 | INFO | P02 | -------------------------------
2026-08-31 15:43:10 | INFO | P02 | Starting to process measurements periodically...
2026-08-31 15:43:10 | INFO | P02 | Max records to process: 10
2026-08-31 15:43:10 | INFO | P02 | Current count: 0
2026-08-31 15:43:10 | INFO | P02 | Item: Gentoo
2026-08-31 15:43:10 | INFO | P02 | -------------------------------
2026-08-31 15:43:10 | INFO | P02 | 04. TRANSFORM one list to another list.
2026-08-31 15:43:10 | INFO | P02 | -------------------------------
2026-08-31 15:43:10 | INFO | P02 | Capitalized column names: ['SPECIES', 'ISLAND', 'BILL_LENGTH_MM', 'BILL_DEPTH_MM', 'FLIPPER_LENGTH_MM', 'BODY_MASS_G', 'SEX', 'YEAR']
2026-08-31 15:43:10 | INFO | P02 | -------------------------------
2026-08-31 15:43:10 | INFO | P02 | 05. BRANCH based on conditions.
2026-08-31 15:43:10 | INFO | P02 | -------------------------------
2026-08-31 15:43:10 | INFO | P02 | Selected measurement column: bill_length_mm
2026-08-31 15:43:10 | INFO | P02 | Reason for choosing this measurement: 
Bill length varies across penguins.
There is no fixed cutoff, so we'll calculate the average
and assign a classification depending on a threshold
around the average value.

2026-08-31 15:43:10 | INFO | P02 | bill_length_mm - Minimum: 32.1
2026-08-31 15:43:10 | INFO | P02 | bill_length_mm - Maximum:  59.6
2026-08-31 15:43:10 | INFO | P02 | bill_length_mm - Mean:     43.9219298245614
2026-08-31 15:43:10 | INFO | P02 | -------------------------------
2026-08-31 15:43:10 | INFO | P02 | Sample bill_length_mm: 39.1
2026-08-31 15:43:10 | INFO | P02 | Short threshold multiplier: 0.9
2026-08-31 15:43:10 | INFO | P02 | Long threshold multiplier:  1.1
2026-08-31 15:43:10 | INFO | P02 | Short threshold: 39.529736842105265
2026-08-31 15:43:10 | INFO | P02 | Long threshold:  48.31412280701755
2026-08-31 15:43:10 | INFO | P02 | First row bill_length_mm classification: SHORT
2026-08-31 15:43:10 | INFO | P02 | -------------------------------
2026-08-31 15:43:10 | INFO | P02 | 06. REPEAT while a condition is true.
2026-08-31 15:43:10 | INFO | P02 | -------------------------------
2026-08-31 15:43:10 | INFO | P02 | Starting to process measurements periodically...
2026-08-31 15:43:10 | INFO | P02 | Max records to process: 10
2026-08-31 15:43:10 | INFO | P02 | Current count: 0
2026-08-31 15:43:10 | INFO | P02 | Item: Chinstrap
2026-08-31 15:43:10 | INFO | P02 | -------------------------------
2026-08-31 15:43:10 | INFO | P02 | 04. TRANSFORM one list to another list.
2026-08-31 15:43:10 | INFO | P02 | -------------------------------
2026-08-31 15:43:10 | INFO | P02 | Capitalized column names: ['SPECIES', 'ISLAND', 'BILL_LENGTH_MM', 'BILL_DEPTH_MM', 'FLIPPER_LENGTH_MM', 'BODY_MASS_G', 'SEX', 'YEAR']
2026-08-31 15:43:10 | INFO | P02 | -------------------------------
2026-08-31 15:43:10 | INFO | P02 | 05. BRANCH based on conditions.
2026-08-31 15:43:10 | INFO | P02 | -------------------------------
2026-08-31 15:43:10 | INFO | P02 | Selected measurement column: bill_length_mm
2026-08-31 15:43:10 | INFO | P02 | Reason for choosing this measurement: 
Bill length varies across penguins.
There is no fixed cutoff, so we'll calculate the average
and assign a classification depending on a threshold
around the average value.

2026-08-31 15:43:10 | INFO | P02 | bill_length_mm - Minimum: 32.1
2026-08-31 15:43:10 | INFO | P02 | bill_length_mm - Maximum:  59.6
2026-08-31 15:43:10 | INFO | P02 | bill_length_mm - Mean:     43.9219298245614
2026-08-31 15:43:10 | INFO | P02 | -------------------------------
2026-08-31 15:43:10 | INFO | P02 | Sample bill_length_mm: 39.1
2026-08-31 15:43:10 | INFO | P02 | Short threshold multiplier: 0.9
2026-08-31 15:43:10 | INFO | P02 | Long threshold multiplier:  1.1
2026-08-31 15:43:10 | INFO | P02 | Short threshold: 39.529736842105265
2026-08-31 15:43:10 | INFO | P02 | Long threshold:  48.31412280701755
2026-08-31 15:43:10 | INFO | P02 | First row bill_length_mm classification: SHORT
2026-08-31 15:43:10 | INFO | P02 | -------------------------------
2026-08-31 15:43:10 | INFO | P02 | 06. REPEAT while a condition is true.
2026-08-31 15:43:10 | INFO | P02 | -------------------------------
2026-08-31 15:43:10 | INFO | P02 | Starting to process measurements periodically...
2026-08-31 15:43:10 | INFO | P02 | Max records to process: 10
2026-08-31 15:43:10 | INFO | P02 | Current count: 0
2026-08-31 15:43:10 | INFO | P02 | Current bill_length_mm: 39.1
2026-08-31 15:43:10 | INFO | P02 | Updated count: 1
2026-08-31 15:43:10 | INFO | P02 | Current bill_length_mm: 39.5
2026-08-31 15:43:10 | INFO | P02 | Updated count: 2
2026-08-31 15:43:10 | INFO | P02 | Current bill_length_mm: 40.3
2026-08-31 15:43:10 | INFO | P02 | Updated count: 3
2026-08-31 15:43:10 | INFO | P02 | Current bill_length_mm: nan
2026-08-31 15:43:10 | INFO | P02 | Updated count: 4
2026-08-31 15:43:10 | INFO | P02 | Current bill_length_mm: 36.7
2026-08-31 15:43:10 | INFO | P02 | Updated count: 5
2026-08-31 15:43:10 | INFO | P02 | Current bill_length_mm: 39.3
2026-08-31 15:43:10 | INFO | P02 | Updated count: 6
2026-08-31 15:43:10 | INFO | P02 | Current bill_length_mm: 38.9
2026-08-31 15:43:10 | INFO | P02 | Updated count: 7
2026-08-31 15:43:10 | INFO | P02 | Current bill_length_mm: 39.2
2026-08-31 15:43:10 | INFO | P02 | Updated count: 8
2026-08-31 15:43:10 | INFO | P02 | Current bill_length_mm: 34.1
2026-08-31 15:43:10 | INFO | P02 | Updated count: 9
2026-08-31 15:43:10 | INFO | P02 | Current bill_length_mm: 42.0
2026-08-31 15:43:10 | INFO | P02 | Updated count: 10
2026-08-31 15:43:10 | INFO | P02 | Current bill_length_mm: 37.8
2026-08-31 15:43:10 | INFO | P02 | Updated count: 11
2026-08-31 15:43:10 | INFO | P02 | Current bill_length_mm: 37.8
2026-08-31 15:43:10 | INFO | P02 | Updated count: 12
2026-08-31 15:43:10 | INFO | P02 | Current bill_length_mm: 41.1
2026-08-31 15:43:10 | INFO | P02 | Updated count: 13
2026-08-31 15:43:10 | INFO | P02 | Current bill_length_mm: 38.6
2026-08-31 15:43:10 | INFO | P02 | Updated count: 14
2026-08-31 15:43:10 | INFO | P02 | Current bill_length_mm: 34.6
2026-08-31 15:43:10 | INFO | P02 | Updated count: 15
2026-08-31 15:43:10 | INFO | P02 | Current bill_length_mm: 36.6
2026-08-31 15:43:10 | INFO | P02 | Updated count: 16
2026-08-31 15:43:10 | INFO | P02 | Current bill_length_mm: 38.7
2026-08-31 15:43:10 | INFO | P02 | Updated count: 17
2026-08-31 15:43:10 | INFO | P02 | Current bill_length_mm: 42.5
2026-08-31 15:43:10 | INFO | P02 | Updated count: 18
2026-08-31 15:43:10 | INFO | P02 | Current bill_length_mm: 34.4
2026-08-31 15:43:10 | INFO | P02 | Updated count: 19
2026-08-31 15:43:10 | INFO | P02 | Current bill_length_mm: 46.0
2026-08-31 15:43:10 | INFO | P02 | Updated count: 20
2026-08-31 15:43:10 | INFO | P02 | Current bill_length_mm: 37.8
2026-08-31 15:43:10 | INFO | P02 | Updated count: 21
2026-08-31 15:43:10 | INFO | P02 | Current bill_length_mm: 37.7
2026-08-31 15:43:10 | INFO | P02 | Updated count: 22
2026-08-31 15:43:10 | INFO | P02 | Current bill_length_mm: 35.9
2026-08-31 15:43:10 | INFO | P02 | Updated count: 23
2026-08-31 15:43:10 | INFO | P02 | Current bill_length_mm: 38.2
2026-08-31 15:43:10 | INFO | P02 | Updated count: 24
2026-08-31 15:43:10 | INFO | P02 | Current bill_length_mm: 38.8
2026-08-31 15:43:10 | INFO | P02 | Updated count: 25
2026-08-31 15:43:10 | INFO | P02 | Current bill_length_mm: 35.3
2026-08-31 15:43:10 | INFO | P02 | Updated count: 26
2026-08-31 15:43:10 | INFO | P02 | Current bill_length_mm: 40.6
2026-08-31 15:43:10 | INFO | P02 | Updated count: 27
2026-08-31 15:43:10 | INFO | P02 | Current bill_length_mm: 40.5
2026-08-31 15:43:10 | INFO | P02 | Updated count: 28
2026-08-31 15:43:10 | INFO | P02 | Current bill_length_mm: 37.9
2026-08-31 15:43:10 | INFO | P02 | Updated count: 29
2026-08-31 15:43:10 | INFO | P02 | Current bill_length_mm: 40.5
2026-08-31 15:43:10 | INFO | P02 | Updated count: 30
2026-08-31 15:43:10 | INFO | P02 | Current bill_length_mm: 39.5
2026-08-31 15:43:10 | INFO | P02 | Updated count: 31
2026-08-31 15:43:10 | INFO | P02 | Current bill_length_mm: 37.2
2026-08-31 15:43:10 | INFO | P02 | Updated count: 32
2026-08-31 15:43:10 | INFO | P02 | Current bill_length_mm: 39.5
2026-08-31 15:43:10 | INFO | P02 | Updated count: 33
2026-08-31 15:43:10 | INFO | P02 | Current bill_length_mm: 40.9
2026-08-31 15:43:10 | INFO | P02 | Updated count: 34
2026-08-31 15:43:10 | INFO | P02 | Current bill_length_mm: 36.4
2026-08-31 15:43:10 | INFO | P02 | Updated count: 35
2026-08-31 15:43:10 | INFO | P02 | Current bill_length_mm: 39.2
2026-08-31 15:43:10 | INFO | P02 | Updated count: 36
2026-08-31 15:43:10 | INFO | P02 | Current bill_length_mm: 38.8
2026-08-31 15:43:10 | INFO | P02 | Updated count: 37
2026-08-31 15:43:10 | INFO | P02 | Current bill_length_mm: 42.2
2026-08-31 15:43:10 | INFO | P02 | Updated count: 38
2026-08-31 15:43:10 | INFO | P02 | Current bill_length_mm: 37.6
2026-08-31 15:43:10 | INFO | P02 | Updated count: 39
2026-08-31 15:43:10 | INFO | P02 | Current bill_length_mm: 39.8
2026-08-31 15:43:10 | INFO | P02 | Updated count: 40
2026-08-31 15:43:10 | INFO | P02 | Current bill_length_mm: 36.5
2026-08-31 15:43:10 | INFO | P02 | Updated count: 41
2026-08-31 15:43:10 | INFO | P02 | Current bill_length_mm: 40.8
2026-08-31 15:43:10 | INFO | P02 | Updated count: 42
2026-08-31 15:43:10 | INFO | P02 | Current bill_length_mm: 36.0
2026-08-31 15:43:10 | INFO | P02 | Updated count: 43
2026-08-31 15:43:10 | INFO | P02 | Current bill_length_mm: 44.1
2026-08-31 15:43:10 | INFO | P02 | Updated count: 44
2026-08-31 15:43:10 | INFO | P02 | Current bill_length_mm: 37.0
2026-08-31 15:43:10 | INFO | P02 | Updated count: 45
2026-08-31 15:43:10 | INFO | P02 | Current bill_length_mm: 39.6
2026-08-31 15:43:10 | INFO | P02 | Updated count: 46
2026-08-31 15:43:10 | INFO | P02 | Current bill_length_mm: 41.1
2026-08-31 15:43:10 | INFO | P02 | Updated count: 47
2026-08-31 15:43:10 | INFO | P02 | Current bill_length_mm: 37.5
2026-08-31 15:43:10 | INFO | P02 | Updated count: 48
2026-08-31 15:43:10 | INFO | P02 | Current bill_length_mm: 36.0
2026-08-31 15:43:10 | INFO | P02 | Updated count: 49
2026-08-31 15:43:10 | INFO | P02 | Current bill_length_mm: 42.3
2026-08-31 15:43:10 | INFO | P02 | Updated count: 50
2026-08-31 15:43:10 | INFO | P02 | Current bill_length_mm: 39.6
2026-08-31 15:43:10 | INFO | P02 | Updated count: 51
2026-08-31 15:43:10 | INFO | P02 | Current bill_length_mm: 40.1
2026-08-31 15:43:10 | INFO | P02 | Updated count: 52
2026-08-31 15:43:10 | INFO | P02 | Current bill_length_mm: 35.0
2026-08-31 15:43:10 | INFO | P02 | Updated count: 53
2026-08-31 15:43:10 | INFO | P02 | Current bill_length_mm: 42.0
2026-08-31 15:43:10 | INFO | P02 | Updated count: 54
2026-08-31 15:43:10 | INFO | P02 | Current bill_length_mm: 34.5
2026-08-31 15:43:10 | INFO | P02 | Updated count: 55
2026-08-31 15:43:10 | INFO | P02 | Current bill_length_mm: 41.4
2026-08-31 15:43:10 | INFO | P02 | Updated count: 56
2026-08-31 15:43:10 | INFO | P02 | Current bill_length_mm: 39.0
2026-08-31 15:43:10 | INFO | P02 | Updated count: 57
2026-08-31 15:43:10 | INFO | P02 | Current bill_length_mm: 40.6
2026-08-31 15:43:10 | INFO | P02 | Updated count: 58
2026-08-31 15:43:10 | INFO | P02 | Current bill_length_mm: 36.5
2026-08-31 15:43:10 | INFO | P02 | Updated count: 59
2026-08-31 15:43:10 | INFO | P02 | Current bill_length_mm: 37.6
2026-08-31 15:43:10 | INFO | P02 | Updated count: 60
2026-08-31 15:43:10 | INFO | P02 | Current bill_length_mm: 35.7
2026-08-31 15:43:10 | INFO | P02 | Updated count: 61
2026-08-31 15:43:10 | INFO | P02 | Current bill_length_mm: 41.3
2026-08-31 15:43:10 | INFO | P02 | Updated count: 62
2026-08-31 15:43:10 | INFO | P02 | Current bill_length_mm: 37.6
2026-08-31 15:43:10 | INFO | P02 | Updated count: 63
2026-08-31 15:43:10 | INFO | P02 | Current bill_length_mm: 41.1
2026-08-31 15:43:10 | INFO | P02 | Updated count: 64
2026-08-31 15:43:10 | INFO | P02 | Current bill_length_mm: 36.4
2026-08-31 15:43:10 | INFO | P02 | Updated count: 65
2026-08-31 15:43:10 | INFO | P02 | Current bill_length_mm: 41.6
2026-08-31 15:43:10 | INFO | P02 | Updated count: 66
2026-08-31 15:43:10 | INFO | P02 | Current bill_length_mm: 35.5
2026-08-31 15:43:10 | INFO | P02 | Updated count: 67
2026-08-31 15:43:10 | INFO | P02 | Current bill_length_mm: 41.1
2026-08-31 15:43:10 | INFO | P02 | Updated count: 68
2026-08-31 15:43:10 | INFO | P02 | Current bill_length_mm: 35.9
2026-08-31 15:43:10 | INFO | P02 | Updated count: 69
2026-08-31 15:43:10 | INFO | P02 | Current bill_length_mm: 41.8
2026-08-31 15:43:10 | INFO | P02 | Updated count: 70
2026-08-31 15:43:10 | INFO | P02 | Current bill_length_mm: 33.5
2026-08-31 15:43:10 | INFO | P02 | Updated count: 71
2026-08-31 15:43:10 | INFO | P02 | Current bill_length_mm: 39.7
2026-08-31 15:43:10 | INFO | P02 | Updated count: 72
2026-08-31 15:43:10 | INFO | P02 | Current bill_length_mm: 39.6
2026-08-31 15:43:10 | INFO | P02 | Updated count: 73
2026-08-31 15:43:10 | INFO | P02 | Current bill_length_mm: 45.8
2026-08-31 15:43:10 | INFO | P02 | Updated count: 74
2026-08-31 15:43:10 | INFO | P02 | Current bill_length_mm: 35.5
2026-08-31 15:43:10 | INFO | P02 | Updated count: 75
2026-08-31 15:43:10 | INFO | P02 | Current bill_length_mm: 42.8
2026-08-31 15:43:10 | INFO | P02 | Updated count: 76
2026-08-31 15:43:10 | INFO | P02 | Current bill_length_mm: 40.9
2026-08-31 15:43:10 | INFO | P02 | Updated count: 77
2026-08-31 15:43:10 | INFO | P02 | Current bill_length_mm: 37.2
2026-08-31 15:43:10 | INFO | P02 | Updated count: 78
2026-08-31 15:43:10 | INFO | P02 | Current bill_length_mm: 36.2
2026-08-31 15:43:10 | INFO | P02 | Updated count: 79
2026-08-31 15:43:10 | INFO | P02 | Current bill_length_mm: 42.1
2026-08-31 15:43:10 | INFO | P02 | Updated count: 80
2026-08-31 15:43:10 | INFO | P02 | Current bill_length_mm: 34.6
2026-08-31 15:43:10 | INFO | P02 | Updated count: 81
2026-08-31 15:43:10 | INFO | P02 | Current bill_length_mm: 42.9
2026-08-31 15:43:10 | INFO | P02 | Updated count: 82
2026-08-31 15:43:10 | INFO | P02 | Current bill_length_mm: 36.7
2026-08-31 15:43:10 | INFO | P02 | Updated count: 83
2026-08-31 15:43:10 | INFO | P02 | Current bill_length_mm: 35.1
2026-08-31 15:43:10 | INFO | P02 | Updated count: 84
2026-08-31 15:43:10 | INFO | P02 | Current bill_length_mm: 37.3
2026-08-31 15:43:10 | INFO | P02 | Updated count: 85
2026-08-31 15:43:10 | INFO | P02 | Current bill_length_mm: 41.3
2026-08-31 15:43:10 | INFO | P02 | Updated count: 86
2026-08-31 15:43:10 | INFO | P02 | Current bill_length_mm: 36.3
2026-08-31 15:43:10 | INFO | P02 | Updated count: 87
2026-08-31 15:43:10 | INFO | P02 | Current bill_length_mm: 36.9
2026-08-31 15:43:10 | INFO | P02 | Updated count: 88
2026-08-31 15:43:10 | INFO | P02 | Current bill_length_mm: 38.3
2026-08-31 15:43:10 | INFO | P02 | Updated count: 89
2026-08-31 15:43:10 | INFO | P02 | Current bill_length_mm: 38.9
2026-08-31 15:43:10 | INFO | P02 | Updated count: 90
2026-08-31 15:43:10 | INFO | P02 | Current bill_length_mm: 35.7
2026-08-31 15:43:10 | INFO | P02 | Updated count: 91
2026-08-31 15:43:10 | INFO | P02 | Current bill_length_mm: 41.1
2026-08-31 15:43:10 | INFO | P02 | Updated count: 92
2026-08-31 15:43:10 | INFO | P02 | Current bill_length_mm: 34.0
2026-08-31 15:43:10 | INFO | P02 | Updated count: 93
2026-08-31 15:43:10 | INFO | P02 | Current bill_length_mm: 39.6
2026-08-31 15:43:10 | INFO | P02 | Updated count: 94
2026-08-31 15:43:10 | INFO | P02 | Current bill_length_mm: 36.2
2026-08-31 15:43:10 | INFO | P02 | Updated count: 95
2026-08-31 15:43:10 | INFO | P02 | Current bill_length_mm: 40.8
2026-08-31 15:43:10 | INFO | P02 | Updated count: 96
2026-08-31 15:43:10 | INFO | P02 | Current bill_length_mm: 38.1
2026-08-31 15:43:10 | INFO | P02 | Updated count: 97
2026-08-31 15:43:10 | INFO | P02 | Current bill_length_mm: 40.3
2026-08-31 15:43:10 | INFO | P02 | Updated count: 98
2026-08-31 15:43:10 | INFO | P02 | Current bill_length_mm: 33.1
2026-08-31 15:43:10 | INFO | P02 | Updated count: 99
2026-08-31 15:43:10 | INFO | P02 | Current bill_length_mm: 43.2
2026-08-31 15:43:10 | INFO | P02 | Updated count: 100
2026-08-31 15:43:10 | INFO | P02 | Current bill_length_mm: 35.0
2026-08-31 15:43:10 | INFO | P02 | Updated count: 101
2026-08-31 15:43:10 | INFO | P02 | Current bill_length_mm: 41.0
2026-08-31 15:43:10 | INFO | P02 | Updated count: 102
2026-08-31 15:43:10 | INFO | P02 | Current bill_length_mm: 37.7
2026-08-31 15:43:10 | INFO | P02 | Updated count: 103
2026-08-31 15:43:10 | INFO | P02 | Current bill_length_mm: 37.8
2026-08-31 15:43:10 | INFO | P02 | Updated count: 104
2026-08-31 15:43:10 | INFO | P02 | Current bill_length_mm: 37.9
2026-08-31 15:43:10 | INFO | P02 | Updated count: 105
2026-08-31 15:43:10 | INFO | P02 | Current bill_length_mm: 39.7
2026-08-31 15:43:10 | INFO | P02 | Updated count: 106
2026-08-31 15:43:10 | INFO | P02 | Current bill_length_mm: 38.6
2026-08-31 15:43:10 | INFO | P02 | Updated count: 107
2026-08-31 15:43:10 | INFO | P02 | Current bill_length_mm: 38.2
2026-08-31 15:43:10 | INFO | P02 | Updated count: 108
2026-08-31 15:43:10 | INFO | P02 | Current bill_length_mm: 38.1
2026-08-31 15:43:10 | INFO | P02 | Updated count: 109
2026-08-31 15:43:10 | INFO | P02 | Current bill_length_mm: 43.2
2026-08-31 15:43:10 | INFO | P02 | Updated count: 110
2026-08-31 15:43:10 | INFO | P02 | Current bill_length_mm: 38.1
2026-08-31 15:43:10 | INFO | P02 | Updated count: 111
2026-08-31 15:43:10 | INFO | P02 | Current bill_length_mm: 45.6
2026-08-31 15:43:10 | INFO | P02 | Updated count: 112
2026-08-31 15:43:10 | INFO | P02 | Current bill_length_mm: 39.7
2026-08-31 15:43:10 | INFO | P02 | Updated count: 113
2026-08-31 15:43:10 | INFO | P02 | Current bill_length_mm: 42.2
2026-08-31 15:43:10 | INFO | P02 | Updated count: 114
2026-08-31 15:43:10 | INFO | P02 | Current bill_length_mm: 39.6
2026-08-31 15:43:10 | INFO | P02 | Updated count: 115
2026-08-31 15:43:10 | INFO | P02 | Current bill_length_mm: 42.7
2026-08-31 15:43:10 | INFO | P02 | Updated count: 116
2026-08-31 15:43:10 | INFO | P02 | Current bill_length_mm: 38.6
2026-08-31 15:43:10 | INFO | P02 | Updated count: 117
2026-08-31 15:43:10 | INFO | P02 | Current bill_length_mm: 37.3
2026-08-31 15:43:10 | INFO | P02 | Updated count: 118
2026-08-31 15:43:10 | INFO | P02 | Current bill_length_mm: 35.7
2026-08-31 15:43:10 | INFO | P02 | Updated count: 119
2026-08-31 15:43:10 | INFO | P02 | Current bill_length_mm: 41.1
2026-08-31 15:43:10 | INFO | P02 | Updated count: 120
2026-08-31 15:43:10 | INFO | P02 | Current bill_length_mm: 36.2
2026-08-31 15:43:10 | INFO | P02 | Updated count: 121
2026-08-31 15:43:10 | INFO | P02 | Current bill_length_mm: 37.7
2026-08-31 15:43:10 | INFO | P02 | Updated count: 122
2026-08-31 15:43:10 | INFO | P02 | Current bill_length_mm: 40.2
2026-08-31 15:43:10 | INFO | P02 | Updated count: 123
2026-08-31 15:43:10 | INFO | P02 | Current bill_length_mm: 41.4
2026-08-31 15:43:10 | INFO | P02 | Updated count: 124
2026-08-31 15:43:10 | INFO | P02 | Current bill_length_mm: 35.2
2026-08-31 15:43:10 | INFO | P02 | Updated count: 125
2026-08-31 15:43:10 | INFO | P02 | Current bill_length_mm: 40.6
2026-08-31 15:43:10 | INFO | P02 | Updated count: 126
2026-08-31 15:43:10 | INFO | P02 | Current bill_length_mm: 38.8
2026-08-31 15:43:10 | INFO | P02 | Updated count: 127
2026-08-31 15:43:10 | INFO | P02 | Current bill_length_mm: 41.5
2026-08-31 15:43:10 | INFO | P02 | Updated count: 128
2026-08-31 15:43:10 | INFO | P02 | Current bill_length_mm: 39.0
2026-08-31 15:43:10 | INFO | P02 | Updated count: 129
2026-08-31 15:43:10 | INFO | P02 | Current bill_length_mm: 44.1
2026-08-31 15:43:10 | INFO | P02 | Updated count: 130
2026-08-31 15:43:10 | INFO | P02 | Current bill_length_mm: 38.5
2026-08-31 15:43:10 | INFO | P02 | Updated count: 131
2026-08-31 15:43:10 | INFO | P02 | Current bill_length_mm: 43.1
2026-08-31 15:43:10 | INFO | P02 | Updated count: 132
2026-08-31 15:43:10 | INFO | P02 | Current bill_length_mm: 36.8
2026-08-31 15:43:10 | INFO | P02 | Updated count: 133
2026-08-31 15:43:10 | INFO | P02 | Current bill_length_mm: 37.5
2026-08-31 15:43:10 | INFO | P02 | Updated count: 134
2026-08-31 15:43:10 | INFO | P02 | Current bill_length_mm: 38.1
2026-08-31 15:43:10 | INFO | P02 | Updated count: 135
2026-08-31 15:43:10 | INFO | P02 | Current bill_length_mm: 41.1
2026-08-31 15:43:10 | INFO | P02 | Updated count: 136
2026-08-31 15:43:10 | INFO | P02 | Current bill_length_mm: 35.6
2026-08-31 15:43:10 | INFO | P02 | Updated count: 137
2026-08-31 15:43:10 | INFO | P02 | Current bill_length_mm: 40.2
2026-08-31 15:43:10 | INFO | P02 | Updated count: 138
2026-08-31 15:43:10 | INFO | P02 | Current bill_length_mm: 37.0
2026-08-31 15:43:10 | INFO | P02 | Updated count: 139
2026-08-31 15:43:10 | INFO | P02 | Current bill_length_mm: 39.7
2026-08-31 15:43:10 | INFO | P02 | Updated count: 140
2026-08-31 15:43:10 | INFO | P02 | Current bill_length_mm: 40.2
2026-08-31 15:43:10 | INFO | P02 | Updated count: 141
2026-08-31 15:43:10 | INFO | P02 | Current bill_length_mm: 40.6
2026-08-31 15:43:10 | INFO | P02 | Updated count: 142
2026-08-31 15:43:10 | INFO | P02 | Current bill_length_mm: 32.1
2026-08-31 15:43:10 | INFO | P02 | Updated count: 143
2026-08-31 15:43:10 | INFO | P02 | Current bill_length_mm: 40.7
2026-08-31 15:43:10 | INFO | P02 | Updated count: 144
2026-08-31 15:43:10 | INFO | P02 | Current bill_length_mm: 37.3
2026-08-31 15:43:10 | INFO | P02 | Updated count: 145
2026-08-31 15:43:10 | INFO | P02 | Current bill_length_mm: 39.0
2026-08-31 15:43:10 | INFO | P02 | Updated count: 146
2026-08-31 15:43:10 | INFO | P02 | Current bill_length_mm: 39.2
2026-08-31 15:43:10 | INFO | P02 | Updated count: 147
2026-08-31 15:43:10 | INFO | P02 | Current bill_length_mm: 36.6
2026-08-31 15:43:10 | INFO | P02 | Updated count: 148
2026-08-31 15:43:10 | INFO | P02 | Current bill_length_mm: 36.0
2026-08-31 15:43:10 | INFO | P02 | Updated count: 149
2026-08-31 15:43:10 | INFO | P02 | Current bill_length_mm: 37.8
2026-08-31 15:43:10 | INFO | P02 | Updated count: 150
2026-08-31 15:43:10 | INFO | P02 | Current bill_length_mm: 36.0
2026-08-31 15:43:10 | INFO | P02 | Updated count: 151
2026-08-31 15:43:10 | INFO | P02 | Current bill_length_mm: 41.5
2026-08-31 15:43:10 | INFO | P02 | Updated count: 152
2026-08-31 15:43:10 | INFO | P02 | Current bill_length_mm: 46.1
2026-08-31 15:43:10 | INFO | P02 | Updated count: 153
2026-08-31 15:43:10 | INFO | P02 | Current bill_length_mm: 50.0
2026-08-31 15:43:10 | INFO | P02 | Updated count: 154
2026-08-31 15:43:10 | INFO | P02 | Current bill_length_mm: 48.7
2026-08-31 15:43:10 | INFO | P02 | Updated count: 155
2026-08-31 15:43:10 | INFO | P02 | Current bill_length_mm: 50.0
2026-08-31 15:43:10 | INFO | P02 | Updated count: 156
2026-08-31 15:43:10 | INFO | P02 | Current bill_length_mm: 47.6
2026-08-31 15:43:10 | INFO | P02 | Updated count: 157
2026-08-31 15:43:10 | INFO | P02 | Current bill_length_mm: 46.5
2026-08-31 15:43:10 | INFO | P02 | Updated count: 158
2026-08-31 15:43:10 | INFO | P02 | Current bill_length_mm: 45.4
2026-08-31 15:43:10 | INFO | P02 | Updated count: 159
2026-08-31 15:43:10 | INFO | P02 | Current bill_length_mm: 46.7
2026-08-31 15:43:10 | INFO | P02 | Updated count: 160
2026-08-31 15:43:10 | INFO | P02 | Current bill_length_mm: 43.3
2026-08-31 15:43:10 | INFO | P02 | Updated count: 161
2026-08-31 15:43:10 | INFO | P02 | Current bill_length_mm: 46.8
2026-08-31 15:43:10 | INFO | P02 | Updated count: 162
2026-08-31 15:43:10 | INFO | P02 | Current bill_length_mm: 40.9
2026-08-31 15:43:10 | INFO | P02 | Updated count: 163
2026-08-31 15:43:10 | INFO | P02 | Current bill_length_mm: 49.0
2026-08-31 15:43:10 | INFO | P02 | Updated count: 164
2026-08-31 15:43:10 | INFO | P02 | Current bill_length_mm: 45.5
2026-08-31 15:43:10 | INFO | P02 | Updated count: 165
2026-08-31 15:43:10 | INFO | P02 | Current bill_length_mm: 48.4
2026-08-31 15:43:10 | INFO | P02 | Updated count: 166
2026-08-31 15:43:10 | INFO | P02 | Current bill_length_mm: 45.8
2026-08-31 15:43:10 | INFO | P02 | Updated count: 167
2026-08-31 15:43:10 | INFO | P02 | Current bill_length_mm: 49.3
2026-08-31 15:43:10 | INFO | P02 | Updated count: 168
2026-08-31 15:43:10 | INFO | P02 | Current bill_length_mm: 42.0
2026-08-31 15:43:10 | INFO | P02 | Updated count: 169
2026-08-31 15:43:10 | INFO | P02 | Current bill_length_mm: 49.2
2026-08-31 15:43:10 | INFO | P02 | Updated count: 170
2026-08-31 15:43:10 | INFO | P02 | Current bill_length_mm: 46.2
2026-08-31 15:43:10 | INFO | P02 | Updated count: 171
2026-08-31 15:43:10 | INFO | P02 | Current bill_length_mm: 48.7
2026-08-31 15:43:10 | INFO | P02 | Updated count: 172
2026-08-31 15:43:10 | INFO | P02 | Current bill_length_mm: 50.2
2026-08-31 15:43:10 | INFO | P02 | Updated count: 173
2026-08-31 15:43:10 | INFO | P02 | Current bill_length_mm: 45.1
2026-08-31 15:43:10 | INFO | P02 | Updated count: 174
2026-08-31 15:43:10 | INFO | P02 | Current bill_length_mm: 46.5
2026-08-31 15:43:10 | INFO | P02 | Updated count: 175
2026-08-31 15:43:10 | INFO | P02 | Current bill_length_mm: 46.3
2026-08-31 15:43:10 | INFO | P02 | Updated count: 176
2026-08-31 15:43:10 | INFO | P02 | Current bill_length_mm: 42.9
2026-08-31 15:43:10 | INFO | P02 | Updated count: 177
2026-08-31 15:43:10 | INFO | P02 | Current bill_length_mm: 46.1
2026-08-31 15:43:10 | INFO | P02 | Updated count: 178
2026-08-31 15:43:10 | INFO | P02 | Current bill_length_mm: 44.5
2026-08-31 15:43:10 | INFO | P02 | Updated count: 179
2026-08-31 15:43:10 | INFO | P02 | Current bill_length_mm: 47.8
2026-08-31 15:43:10 | INFO | P02 | Updated count: 180
2026-08-31 15:43:10 | INFO | P02 | Current bill_length_mm: 48.2
2026-08-31 15:43:10 | INFO | P02 | Updated count: 181
2026-08-31 15:43:10 | INFO | P02 | Current bill_length_mm: 50.0
2026-08-31 15:43:10 | INFO | P02 | Updated count: 182
2026-08-31 15:43:10 | INFO | P02 | Current bill_length_mm: 47.3
2026-08-31 15:43:10 | INFO | P02 | Updated count: 183
2026-08-31 15:43:10 | INFO | P02 | Current bill_length_mm: 42.8
2026-08-31 15:43:10 | INFO | P02 | Updated count: 184
2026-08-31 15:43:10 | INFO | P02 | Current bill_length_mm: 45.1
2026-08-31 15:43:10 | INFO | P02 | Updated count: 185
2026-08-31 15:43:10 | INFO | P02 | Current bill_length_mm: 59.6
2026-08-31 15:43:10 | INFO | P02 | Updated count: 186
2026-08-31 15:43:10 | INFO | P02 | Current bill_length_mm: 49.1
2026-08-31 15:43:10 | INFO | P02 | Updated count: 187
2026-08-31 15:43:10 | INFO | P02 | Current bill_length_mm: 48.4
2026-08-31 15:43:10 | INFO | P02 | Updated count: 188
2026-08-31 15:43:10 | INFO | P02 | Current bill_length_mm: 42.6
2026-08-31 15:43:10 | INFO | P02 | Updated count: 189
2026-08-31 15:43:10 | INFO | P02 | Current bill_length_mm: 44.4
2026-08-31 15:43:10 | INFO | P02 | Updated count: 190
2026-08-31 15:43:10 | INFO | P02 | Current bill_length_mm: 44.0
2026-08-31 15:43:10 | INFO | P02 | Updated count: 191
2026-08-31 15:43:10 | INFO | P02 | Current bill_length_mm: 48.7
2026-08-31 15:43:10 | INFO | P02 | Updated count: 192
2026-08-31 15:43:10 | INFO | P02 | Current bill_length_mm: 42.7
2026-08-31 15:43:10 | INFO | P02 | Updated count: 193
2026-08-31 15:43:10 | INFO | P02 | Current bill_length_mm: 49.6
2026-08-31 15:43:10 | INFO | P02 | Updated count: 194
2026-08-31 15:43:10 | INFO | P02 | Current bill_length_mm: 45.3
2026-08-31 15:43:10 | INFO | P02 | Updated count: 195
2026-08-31 15:43:10 | INFO | P02 | Current bill_length_mm: 49.6
2026-08-31 15:43:10 | INFO | P02 | Updated count: 196
2026-08-31 15:43:10 | INFO | P02 | Current bill_length_mm: 50.5
2026-08-31 15:43:10 | INFO | P02 | Updated count: 197
2026-08-31 15:43:10 | INFO | P02 | Current bill_length_mm: 43.6
2026-08-31 15:43:10 | INFO | P02 | Updated count: 198
2026-08-31 15:43:10 | INFO | P02 | Current bill_length_mm: 45.5
2026-08-31 15:43:10 | INFO | P02 | Updated count: 199
2026-08-31 15:43:10 | INFO | P02 | Current bill_length_mm: 50.5
2026-08-31 15:43:10 | INFO | P02 | Updated count: 200
2026-08-31 15:43:10 | INFO | P02 | Current bill_length_mm: 44.9
2026-08-31 15:43:10 | INFO | P02 | Updated count: 201
2026-08-31 15:43:10 | INFO | P02 | Current bill_length_mm: 45.2
2026-08-31 15:43:10 | INFO | P02 | Updated count: 202
2026-08-31 15:43:10 | INFO | P02 | Current bill_length_mm: 46.6
2026-08-31 15:43:10 | INFO | P02 | Updated count: 203
2026-08-31 15:43:10 | INFO | P02 | Current bill_length_mm: 48.5
2026-08-31 15:43:10 | INFO | P02 | Updated count: 204
2026-08-31 15:43:10 | INFO | P02 | Current bill_length_mm: 45.1
2026-08-31 15:43:10 | INFO | P02 | Updated count: 205
2026-08-31 15:43:10 | INFO | P02 | Current bill_length_mm: 50.1
2026-08-31 15:43:10 | INFO | P02 | Updated count: 206
2026-08-31 15:43:10 | INFO | P02 | Current bill_length_mm: 46.5
2026-08-31 15:43:10 | INFO | P02 | Updated count: 207
2026-08-31 15:43:10 | INFO | P02 | Current bill_length_mm: 45.0
2026-08-31 15:43:10 | INFO | P02 | Updated count: 208
2026-08-31 15:43:10 | INFO | P02 | Current bill_length_mm: 43.8
2026-08-31 15:43:10 | INFO | P02 | Updated count: 209
2026-08-31 15:43:10 | INFO | P02 | Current bill_length_mm: 45.5
2026-08-31 15:43:10 | INFO | P02 | Updated count: 210
2026-08-31 15:43:10 | INFO | P02 | Current bill_length_mm: 43.2
2026-08-31 15:43:10 | INFO | P02 | Updated count: 211
2026-08-31 15:43:10 | INFO | P02 | Current bill_length_mm: 50.4
2026-08-31 15:43:10 | INFO | P02 | Updated count: 212
2026-08-31 15:43:10 | INFO | P02 | Current bill_length_mm: 45.3
2026-08-31 15:43:10 | INFO | P02 | Updated count: 213
2026-08-31 15:43:10 | INFO | P02 | Current bill_length_mm: 46.2
2026-08-31 15:43:10 | INFO | P02 | Updated count: 214
2026-08-31 15:43:10 | INFO | P02 | Current bill_length_mm: 45.7
2026-08-31 15:43:10 | INFO | P02 | Updated count: 215
2026-08-31 15:43:10 | INFO | P02 | Current bill_length_mm: 54.3
2026-08-31 15:43:10 | INFO | P02 | Updated count: 216
2026-08-31 15:43:10 | INFO | P02 | Current bill_length_mm: 45.8
2026-08-31 15:43:10 | INFO | P02 | Updated count: 217
2026-08-31 15:43:10 | INFO | P02 | Current bill_length_mm: 49.8
2026-08-31 15:43:10 | INFO | P02 | Updated count: 218
2026-08-31 15:43:10 | INFO | P02 | Current bill_length_mm: 46.2
2026-08-31 15:43:10 | INFO | P02 | Updated count: 219
2026-08-31 15:43:10 | INFO | P02 | Current bill_length_mm: 49.5
2026-08-31 15:43:10 | INFO | P02 | Updated count: 220
2026-08-31 15:43:10 | INFO | P02 | Current bill_length_mm: 43.5
2026-08-31 15:43:10 | INFO | P02 | Updated count: 221
2026-08-31 15:43:10 | INFO | P02 | Current bill_length_mm: 50.7
2026-08-31 15:43:10 | INFO | P02 | Updated count: 222
2026-08-31 15:43:10 | INFO | P02 | Current bill_length_mm: 47.7
2026-08-31 15:43:10 | INFO | P02 | Updated count: 223
2026-08-31 15:43:10 | INFO | P02 | Current bill_length_mm: 46.4
2026-08-31 15:43:10 | INFO | P02 | Updated count: 224
2026-08-31 15:43:10 | INFO | P02 | Current bill_length_mm: 48.2
2026-08-31 15:43:10 | INFO | P02 | Updated count: 225
2026-08-31 15:43:10 | INFO | P02 | Current bill_length_mm: 46.5
2026-08-31 15:43:10 | INFO | P02 | Updated count: 226
2026-08-31 15:43:10 | INFO | P02 | Current bill_length_mm: 46.4
2026-08-31 15:43:10 | INFO | P02 | Updated count: 227
2026-08-31 15:43:10 | INFO | P02 | Current bill_length_mm: 48.6
2026-08-31 15:43:10 | INFO | P02 | Updated count: 228
2026-08-31 15:43:10 | INFO | P02 | Current bill_length_mm: 47.5
2026-08-31 15:43:10 | INFO | P02 | Updated count: 229
2026-08-31 15:43:10 | INFO | P02 | Current bill_length_mm: 51.1
2026-08-31 15:43:10 | INFO | P02 | Updated count: 230
2026-08-31 15:43:10 | INFO | P02 | Current bill_length_mm: 45.2
2026-08-31 15:43:10 | INFO | P02 | Updated count: 231
2026-08-31 15:43:10 | INFO | P02 | Current bill_length_mm: 45.2
2026-08-31 15:43:10 | INFO | P02 | Updated count: 232
2026-08-31 15:43:10 | INFO | P02 | Current bill_length_mm: 49.1
2026-08-31 15:43:10 | INFO | P02 | Updated count: 233
2026-08-31 15:43:10 | INFO | P02 | Current bill_length_mm: 52.5
2026-08-31 15:43:10 | INFO | P02 | Updated count: 234
2026-08-31 15:43:10 | INFO | P02 | Current bill_length_mm: 47.4
2026-08-31 15:43:10 | INFO | P02 | Updated count: 235
2026-08-31 15:43:10 | INFO | P02 | Current bill_length_mm: 50.0
2026-08-31 15:43:10 | INFO | P02 | Updated count: 236
2026-08-31 15:43:10 | INFO | P02 | Current bill_length_mm: 44.9
2026-08-31 15:43:10 | INFO | P02 | Updated count: 237
2026-08-31 15:43:10 | INFO | P02 | Current bill_length_mm: 50.8
2026-08-31 15:43:10 | INFO | P02 | Updated count: 238
2026-08-31 15:43:10 | INFO | P02 | Current bill_length_mm: 43.4
2026-08-31 15:43:10 | INFO | P02 | Updated count: 239
2026-08-31 15:43:10 | INFO | P02 | Current bill_length_mm: 51.3
2026-08-31 15:43:10 | INFO | P02 | Updated count: 240
2026-08-31 15:43:10 | INFO | P02 | Current bill_length_mm: 47.5
2026-08-31 15:43:10 | INFO | P02 | Updated count: 241
2026-08-31 15:43:10 | INFO | P02 | Current bill_length_mm: 52.1
2026-08-31 15:43:10 | INFO | P02 | Updated count: 242
2026-08-31 15:43:10 | INFO | P02 | Current bill_length_mm: 47.5
2026-08-31 15:43:10 | INFO | P02 | Updated count: 243
2026-08-31 15:43:10 | INFO | P02 | Current bill_length_mm: 52.2
2026-08-31 15:43:10 | INFO | P02 | Updated count: 244
2026-08-31 15:43:10 | INFO | P02 | Current bill_length_mm: 45.5
2026-08-31 15:43:10 | INFO | P02 | Updated count: 245
2026-08-31 15:43:10 | INFO | P02 | Current bill_length_mm: 49.5
2026-08-31 15:43:10 | INFO | P02 | Updated count: 246
2026-08-31 15:43:10 | INFO | P02 | Current bill_length_mm: 44.5
2026-08-31 15:43:10 | INFO | P02 | Updated count: 247
2026-08-31 15:43:10 | INFO | P02 | Current bill_length_mm: 50.8
2026-08-31 15:43:10 | INFO | P02 | Updated count: 248
2026-08-31 15:43:10 | INFO | P02 | Current bill_length_mm: 49.4
2026-08-31 15:43:10 | INFO | P02 | Updated count: 249
2026-08-31 15:43:10 | INFO | P02 | Current bill_length_mm: 46.9
2026-08-31 15:43:10 | INFO | P02 | Updated count: 250
2026-08-31 15:43:10 | INFO | P02 | Current bill_length_mm: 48.4
2026-08-31 15:43:10 | INFO | P02 | Updated count: 251
2026-08-31 15:43:10 | INFO | P02 | Current bill_length_mm: 51.1
2026-08-31 15:43:10 | INFO | P02 | Updated count: 252
2026-08-31 15:43:10 | INFO | P02 | Current bill_length_mm: 48.5
2026-08-31 15:43:10 | INFO | P02 | Updated count: 253
2026-08-31 15:43:10 | INFO | P02 | Current bill_length_mm: 55.9
2026-08-31 15:43:10 | INFO | P02 | Updated count: 254
2026-08-31 15:43:10 | INFO | P02 | Current bill_length_mm: 47.2
2026-08-31 15:43:10 | INFO | P02 | Updated count: 255
2026-08-31 15:43:10 | INFO | P02 | Current bill_length_mm: 49.1
2026-08-31 15:43:10 | INFO | P02 | Updated count: 256
2026-08-31 15:43:10 | INFO | P02 | Current bill_length_mm: 47.3
2026-08-31 15:43:10 | INFO | P02 | Updated count: 257
2026-08-31 15:43:10 | INFO | P02 | Current bill_length_mm: 46.8
2026-08-31 15:43:10 | INFO | P02 | Updated count: 258
2026-08-31 15:43:10 | INFO | P02 | Current bill_length_mm: 41.7
2026-08-31 15:43:10 | INFO | P02 | Updated count: 259
2026-08-31 15:43:10 | INFO | P02 | Current bill_length_mm: 53.4
2026-08-31 15:43:10 | INFO | P02 | Updated count: 260
2026-08-31 15:43:10 | INFO | P02 | Current bill_length_mm: 43.3
2026-08-31 15:43:10 | INFO | P02 | Updated count: 261
2026-08-31 15:43:10 | INFO | P02 | Current bill_length_mm: 48.1
2026-08-31 15:43:10 | INFO | P02 | Updated count: 262
2026-08-31 15:43:10 | INFO | P02 | Current bill_length_mm: 50.5
2026-08-31 15:43:10 | INFO | P02 | Updated count: 263
2026-08-31 15:43:10 | INFO | P02 | Current bill_length_mm: 49.8
2026-08-31 15:43:10 | INFO | P02 | Updated count: 264
2026-08-31 15:43:10 | INFO | P02 | Current bill_length_mm: 43.5
2026-08-31 15:43:10 | INFO | P02 | Updated count: 265
2026-08-31 15:43:10 | INFO | P02 | Current bill_length_mm: 51.5
2026-08-31 15:43:10 | INFO | P02 | Updated count: 266
2026-08-31 15:43:10 | INFO | P02 | Current bill_length_mm: 46.2
2026-08-31 15:43:10 | INFO | P02 | Updated count: 267
2026-08-31 15:43:10 | INFO | P02 | Current bill_length_mm: 55.1
2026-08-31 15:43:10 | INFO | P02 | Updated count: 268
2026-08-31 15:43:10 | INFO | P02 | Current bill_length_mm: 44.5
2026-08-31 15:43:10 | INFO | P02 | Updated count: 269
2026-08-31 15:43:10 | INFO | P02 | Current bill_length_mm: 48.8
2026-08-31 15:43:10 | INFO | P02 | Updated count: 270
2026-08-31 15:43:10 | INFO | P02 | Current bill_length_mm: 47.2
2026-08-31 15:43:10 | INFO | P02 | Updated count: 271
2026-08-31 15:43:10 | INFO | P02 | Current bill_length_mm: nan
2026-08-31 15:43:10 | INFO | P02 | Updated count: 272
2026-08-31 15:43:10 | INFO | P02 | Current bill_length_mm: 46.8
2026-08-31 15:43:10 | INFO | P02 | Updated count: 273
2026-08-31 15:43:10 | INFO | P02 | Current bill_length_mm: 50.4
2026-08-31 15:43:10 | INFO | P02 | Updated count: 274
2026-08-31 15:43:10 | INFO | P02 | Current bill_length_mm: 45.2
2026-08-31 15:43:10 | INFO | P02 | Updated count: 275
2026-08-31 15:43:10 | INFO | P02 | Current bill_length_mm: 49.9
2026-08-31 15:43:10 | INFO | P02 | Updated count: 276
2026-08-31 15:43:10 | INFO | P02 | Current bill_length_mm: 46.5
2026-08-31 15:43:10 | INFO | P02 | Updated count: 277
2026-08-31 15:43:10 | INFO | P02 | Current bill_length_mm: 50.0
2026-08-31 15:43:10 | INFO | P02 | Updated count: 278
2026-08-31 15:43:10 | INFO | P02 | Current bill_length_mm: 51.3
2026-08-31 15:43:10 | INFO | P02 | Updated count: 279
2026-08-31 15:43:10 | INFO | P02 | Current bill_length_mm: 45.4
2026-08-31 15:43:10 | INFO | P02 | Updated count: 280
2026-08-31 15:43:10 | INFO | P02 | Current bill_length_mm: 52.7
2026-08-31 15:43:10 | INFO | P02 | Updated count: 281
2026-08-31 15:43:10 | INFO | P02 | Current bill_length_mm: 45.2
2026-08-31 15:43:10 | INFO | P02 | Updated count: 282
2026-08-31 15:43:10 | INFO | P02 | Current bill_length_mm: 46.1
2026-08-31 15:43:10 | INFO | P02 | Updated count: 283
2026-08-31 15:43:10 | INFO | P02 | Current bill_length_mm: 51.3
2026-08-31 15:43:10 | INFO | P02 | Updated count: 284
2026-08-31 15:43:10 | INFO | P02 | Current bill_length_mm: 46.0
2026-08-31 15:43:10 | INFO | P02 | Updated count: 285
2026-08-31 15:43:10 | INFO | P02 | Current bill_length_mm: 51.3
2026-08-31 15:43:10 | INFO | P02 | Updated count: 286
2026-08-31 15:43:10 | INFO | P02 | Current bill_length_mm: 46.6
2026-08-31 15:43:10 | INFO | P02 | Updated count: 287
2026-08-31 15:43:10 | INFO | P02 | Current bill_length_mm: 51.7
2026-08-31 15:43:10 | INFO | P02 | Updated count: 288
2026-08-31 15:43:10 | INFO | P02 | Current bill_length_mm: 47.0
2026-08-31 15:43:10 | INFO | P02 | Updated count: 289
2026-08-31 15:43:10 | INFO | P02 | Current bill_length_mm: 52.0
2026-08-31 15:43:10 | INFO | P02 | Updated count: 290
2026-08-31 15:43:10 | INFO | P02 | Current bill_length_mm: 45.9
2026-08-31 15:43:10 | INFO | P02 | Updated count: 291
2026-08-31 15:43:10 | INFO | P02 | Current bill_length_mm: 50.5
2026-08-31 15:43:10 | INFO | P02 | Updated count: 292
2026-08-31 15:43:10 | INFO | P02 | Current bill_length_mm: 50.3
2026-08-31 15:43:10 | INFO | P02 | Updated count: 293
2026-08-31 15:43:10 | INFO | P02 | Current bill_length_mm: 58.0
2026-08-31 15:43:10 | INFO | P02 | Updated count: 294
2026-08-31 15:43:10 | INFO | P02 | Current bill_length_mm: 46.4
2026-08-31 15:43:10 | INFO | P02 | Updated count: 295
2026-08-31 15:43:10 | INFO | P02 | Current bill_length_mm: 49.2
2026-08-31 15:43:10 | INFO | P02 | Updated count: 296
2026-08-31 15:43:10 | INFO | P02 | Current bill_length_mm: 42.4
2026-08-31 15:43:10 | INFO | P02 | Updated count: 297
2026-08-31 15:43:10 | INFO | P02 | Current bill_length_mm: 48.5
2026-08-31 15:43:10 | INFO | P02 | Updated count: 298
2026-08-31 15:43:10 | INFO | P02 | Current bill_length_mm: 43.2
2026-08-31 15:43:10 | INFO | P02 | Updated count: 299
2026-08-31 15:43:10 | INFO | P02 | Current bill_length_mm: 50.6
2026-08-31 15:43:10 | INFO | P02 | Updated count: 300
2026-08-31 15:43:10 | INFO | P02 | Current bill_length_mm: 46.7
2026-08-31 15:43:10 | INFO | P02 | Updated count: 301
2026-08-31 15:43:10 | INFO | P02 | Current bill_length_mm: 52.0
2026-08-31 15:43:10 | INFO | P02 | Updated count: 302
2026-08-31 15:43:10 | INFO | P02 | Current bill_length_mm: 50.5
2026-08-31 15:43:10 | INFO | P02 | Updated count: 303
2026-08-31 15:43:10 | INFO | P02 | Current bill_length_mm: 49.5
2026-08-31 15:43:10 | INFO | P02 | Updated count: 304
2026-08-31 15:43:10 | INFO | P02 | Current bill_length_mm: 46.4
2026-08-31 15:43:10 | INFO | P02 | Updated count: 305
2026-08-31 15:43:10 | INFO | P02 | Current bill_length_mm: 52.8
2026-08-31 15:43:10 | INFO | P02 | Updated count: 306
2026-08-31 15:43:10 | INFO | P02 | Current bill_length_mm: 40.9
2026-08-31 15:43:10 | INFO | P02 | Updated count: 307
2026-08-31 15:43:10 | INFO | P02 | Current bill_length_mm: 54.2
2026-08-31 15:43:10 | INFO | P02 | Updated count: 308
2026-08-31 15:43:10 | INFO | P02 | Current bill_length_mm: 42.5
2026-08-31 15:43:10 | INFO | P02 | Updated count: 309
2026-08-31 15:43:10 | INFO | P02 | Current bill_length_mm: 51.0
2026-08-31 15:43:10 | INFO | P02 | Updated count: 310
2026-08-31 15:43:10 | INFO | P02 | Current bill_length_mm: 49.7
2026-08-31 15:43:10 | INFO | P02 | Updated count: 311
2026-08-31 15:43:10 | INFO | P02 | Current bill_length_mm: 47.5
2026-08-31 15:43:10 | INFO | P02 | Updated count: 312
2026-08-31 15:43:10 | INFO | P02 | Current bill_length_mm: 47.6
2026-08-31 15:43:10 | INFO | P02 | Updated count: 313
2026-08-31 15:43:10 | INFO | P02 | Current bill_length_mm: 52.0
2026-08-31 15:43:10 | INFO | P02 | Updated count: 314
2026-08-31 15:43:10 | INFO | P02 | Current bill_length_mm: 46.9
2026-08-31 15:43:10 | INFO | P02 | Updated count: 315
2026-08-31 15:43:10 | INFO | P02 | Current bill_length_mm: 53.5
2026-08-31 15:43:10 | INFO | P02 | Updated count: 316
2026-08-31 15:43:10 | INFO | P02 | Current bill_length_mm: 49.0
2026-08-31 15:43:10 | INFO | P02 | Updated count: 317
2026-08-31 15:43:10 | INFO | P02 | Current bill_length_mm: 46.2
2026-08-31 15:43:10 | INFO | P02 | Updated count: 318
2026-08-31 15:43:10 | INFO | P02 | Current bill_length_mm: 50.9
2026-08-31 15:43:10 | INFO | P02 | Updated count: 319
2026-08-31 15:43:10 | INFO | P02 | Current bill_length_mm: 45.5
2026-08-31 15:43:10 | INFO | P02 | Updated count: 320
2026-08-31 15:43:10 | INFO | P02 | Current bill_length_mm: 50.9
2026-08-31 15:43:10 | INFO | P02 | Updated count: 321
2026-08-31 15:43:10 | INFO | P02 | Current bill_length_mm: 50.8
2026-08-31 15:43:10 | INFO | P02 | Updated count: 322
2026-08-31 15:43:10 | INFO | P02 | Current bill_length_mm: 50.1
2026-08-31 15:43:10 | INFO | P02 | Updated count: 323
2026-08-31 15:43:10 | INFO | P02 | Current bill_length_mm: 49.0
2026-08-31 15:43:10 | INFO | P02 | Updated count: 324
2026-08-31 15:43:10 | INFO | P02 | Current bill_length_mm: 51.5
2026-08-31 15:43:10 | INFO | P02 | Updated count: 325
2026-08-31 15:43:10 | INFO | P02 | Current bill_length_mm: 49.8
2026-08-31 15:43:10 | INFO | P02 | Updated count: 326
2026-08-31 15:43:10 | INFO | P02 | Current bill_length_mm: 48.1
2026-08-31 15:43:10 | INFO | P02 | Updated count: 327
2026-08-31 15:43:10 | INFO | P02 | Current bill_length_mm: 51.4
2026-08-31 15:43:10 | INFO | P02 | Updated count: 328
2026-08-31 15:43:10 | INFO | P02 | Current bill_length_mm: 45.7
2026-08-31 15:43:10 | INFO | P02 | Updated count: 329
2026-08-31 15:43:10 | INFO | P02 | Current bill_length_mm: 50.7
2026-08-31 15:43:10 | INFO | P02 | Updated count: 330
2026-08-31 15:43:10 | INFO | P02 | Current bill_length_mm: 42.5
2026-08-31 15:43:10 | INFO | P02 | Updated count: 331
2026-08-31 15:43:10 | INFO | P02 | Current bill_length_mm: 52.2
2026-08-31 15:43:10 | INFO | P02 | Updated count: 332
2026-08-31 15:43:10 | INFO | P02 | Current bill_length_mm: 45.2
2026-08-31 15:43:10 | INFO | P02 | Updated count: 333
2026-08-31 15:43:10 | INFO | P02 | Current bill_length_mm: 49.3
2026-08-31 15:43:10 | INFO | P02 | Updated count: 334
2026-08-31 15:43:10 | INFO | P02 | Current bill_length_mm: 50.2
2026-08-31 15:43:10 | INFO | P02 | Updated count: 335
2026-08-31 15:43:10 | INFO | P02 | Current bill_length_mm: 45.6
2026-08-31 15:43:10 | INFO | P02 | Updated count: 336
2026-08-31 15:43:10 | INFO | P02 | Current bill_length_mm: 51.9
2026-08-31 15:43:10 | INFO | P02 | Updated count: 337
2026-08-31 15:43:10 | INFO | P02 | Current bill_length_mm: 46.8
2026-08-31 15:43:10 | INFO | P02 | Updated count: 338
2026-08-31 15:43:10 | INFO | P02 | Current bill_length_mm: 45.7
2026-08-31 15:43:10 | INFO | P02 | Updated count: 339
2026-08-31 15:43:10 | INFO | P02 | Current bill_length_mm: 55.8
2026-08-31 15:43:10 | INFO | P02 | Updated count: 340
2026-08-31 15:43:10 | INFO | P02 | Current bill_length_mm: 43.5
2026-08-31 15:43:10 | INFO | P02 | Updated count: 341
2026-08-31 15:43:10 | INFO | P02 | Current bill_length_mm: 49.6
2026-08-31 15:43:10 | INFO | P02 | Updated count: 342
2026-08-31 15:43:10 | INFO | P02 | Current bill_length_mm: 50.8
2026-08-31 15:43:10 | INFO | P02 | Updated count: 343
2026-08-31 15:43:10 | INFO | P02 | Current bill_length_mm: 50.2
2026-08-31 15:43:10 | INFO | P02 | Updated count: 344
2026-08-31 15:43:10 | INFO | P02 | -------------------------------
2026-08-31 15:43:10 | INFO | P02 | 07. Show first 5 rows of dataframe including the classification.
2026-08-31 15:43:10 | INFO | P02 | -------------------------------
2026-08-31 15:43:10 | INFO | P02 | -------------------------------
2026-08-31 15:43:10 | INFO | P02 | 07. VISUALIZE the selected measurement.
2026-08-31 15:43:10 | INFO | P02 | -------------------------------
2026-08-31 15:43:10 | INFO | P02 | Creating a chart to visualize the selected measurement.
2026-08-31 15:43:10 | INFO | P02 | We selected one numeric column, so let's look at the distribution.
2026-08-31 15:43:10 | INFO | P02 | Chart saved successfully at docs/images/measurement-distribution.png.
2026-08-31 15:43:10 | INFO | P02 | IMPORTANT: Close chart window to continue by clicking its X or close button.
2026-08-31 15:43:13 | INFO | P02 | ===================================
2026-08-31 15:43:13 | INFO | P02 | END main() - Executed successfully!
2026-08-31 15:43:13 | INFO | P02 | ===================================
2026-08-31 15:43:13 | INFO | P02 | === RUN START ===
2026-08-31 15:43:13 | INFO | P02 | project=P02
2026-08-31 15:43:13 | INFO | P02 | repo_dir=datafun-02-automation
2026-08-31 15:43:13 | INFO | P02 | python=3.14.7
2026-08-31 15:43:13 | INFO | P02 | os=Darwin 23.5.0
2026-08-31 15:43:13 | INFO | P02 | shell=zsh
2026-08-31 15:43:13 | INFO | P02 | cwd=.
2026-08-31 15:43:13 | INFO | P02 | github_actions=False
2026-08-31 15:43:13 | INFO | P02 | ===================================
2026-08-31 15:43:13 | INFO | P02 | START main()
2026-08-31 15:43:13 | INFO | P02 | ===================================
2026-08-31 15:43:13 | INFO | P02 | -------------------------------
2026-08-31 15:43:13 | INFO | P02 | 01. LOAD the data.
2026-08-31 15:43:13 | INFO | P02 | -------------------------------
2026-08-31 15:43:13 | INFO | P02 | data file = data/penguins.csv
2026-08-31 15:47:14 | INFO | P02 | Data loaded successfully.
2026-08-31 15:47:14 | INFO | P02 | -------------------------------
2026-08-31 15:47:14 | INFO | P02 | 02. INSPECT the data.
2026-08-31 15:47:14 | INFO | P02 | -------------------------------
2026-08-31 15:47:14 | INFO | P02 | START inspect
2026-08-31 15:47:14 | INFO | P02 |    row_count:    344
2026-08-31 15:47:14 | INFO | P02 |    column_count: 8
2026-08-31 15:47:14 | INFO | P02 |    column_names: ['species', 'island', 'bill_length_mm', 'bill_depth_mm', 'flipper_length_mm', 'body_mass_g', 'sex', 'year']
2026-08-31 15:47:14 | INFO | P02 | END inspect. Returning inspection_string.
2026-08-31 15:47:14 | INFO | P02 | 
----------------
Data Inspection:
----------------
    One row means: one penguin
    Row count: 344
    Column count: 8
    Column names: ['species', 'island', 'bill_length_mm', 'bill_depth_mm', 'flipper_length_mm', 'body_mass_g', 'sex', 'year']

---------------
First Few Rows:
---------------
  species     island  bill_length_mm  bill_depth_mm  flipper_length_mm  body_mass_g     sex  year
0  Adelie  Torgersen            39.1           18.7              181.0       3750.0    male  2007
1  Adelie  Torgersen            39.5           17.4              186.0       3800.0  female  2007
2  Adelie  Torgersen            40.3           18.0              195.0       3250.0  female  2007
3  Adelie  Torgersen             NaN            NaN                NaN          NaN     NaN  2007
4  Adelie  Torgersen            36.7           19.3              193.0       3450.0  female  2007

2026-08-31 15:47:14 | INFO | P02 | -------------------------------
2026-08-31 15:47:14 | INFO | P02 | 03. REPEAT logic using a for loop.
2026-08-31 15:47:14 | INFO | P02 | -------------------------------
2026-08-31 15:47:14 | INFO | P02 | Column name: species
2026-08-31 15:47:14 | INFO | P02 | Column name: island
2026-08-31 15:47:14 | INFO | P02 | Column name: bill_length_mm
2026-08-31 15:47:14 | INFO | P02 | Column name: bill_depth_mm
2026-08-31 15:47:14 | INFO | P02 | Column name: flipper_length_mm
2026-08-31 15:47:14 | INFO | P02 | Column name: body_mass_g
2026-08-31 15:47:14 | INFO | P02 | Column name: sex
2026-08-31 15:47:14 | INFO | P02 | Column name: year
2026-08-31 15:47:14 | INFO | P02 | Selected group column: species
2026-08-31 15:47:14 | INFO | P02 | Reason for choosing this group: 
The species column has a small number of unique values.
There are three unique species, so a for loop can
process and log each one.

2026-08-31 15:47:14 | INFO | P02 | Item: Adelie
2026-08-31 15:47:14 | INFO | P02 | -------------------------------
2026-08-31 15:47:14 | INFO | P02 | 04. TRANSFORM one list to another list.
2026-08-31 15:47:14 | INFO | P02 | -------------------------------
2026-08-31 15:47:14 | INFO | P02 | Capitalized column names: ['SPECIES', 'ISLAND', 'BILL_LENGTH_MM', 'BILL_DEPTH_MM', 'FLIPPER_LENGTH_MM', 'BODY_MASS_G', 'SEX', 'YEAR']
2026-08-31 15:47:14 | INFO | P02 | -------------------------------
2026-08-31 15:47:14 | INFO | P02 | 05. BRANCH based on conditions.
2026-08-31 15:47:14 | INFO | P02 | -------------------------------
2026-08-31 15:47:14 | INFO | P02 | Selected measurement column: bill_length_mm
2026-08-31 15:47:14 | INFO | P02 | Reason for choosing this measurement: 
Bill length varies across penguins.
There is no fixed cutoff, so we'll calculate the average
and assign a classification depending on a threshold
around the average value.

2026-08-31 15:47:14 | INFO | P02 | bill_length_mm - Minimum: 32.1
2026-08-31 15:47:14 | INFO | P02 | bill_length_mm - Maximum:  59.6
2026-08-31 15:47:14 | INFO | P02 | bill_length_mm - Mean:     43.9219298245614
2026-08-31 15:47:14 | INFO | P02 | -------------------------------
2026-08-31 15:47:14 | INFO | P02 | Sample bill_length_mm: 39.1
2026-08-31 15:47:14 | INFO | P02 | Short threshold multiplier: 0.9
2026-08-31 15:47:14 | INFO | P02 | Long threshold multiplier:  1.1
2026-08-31 15:47:14 | INFO | P02 | Short threshold: 39.529736842105265
2026-08-31 15:47:14 | INFO | P02 | Long threshold:  48.31412280701755
2026-08-31 15:47:14 | INFO | P02 | First row bill_length_mm classification: SHORT
2026-08-31 15:47:14 | INFO | P02 | -------------------------------
2026-08-31 15:47:14 | INFO | P02 | 06. REPEAT while a condition is true.
2026-08-31 15:47:14 | INFO | P02 | -------------------------------
2026-08-31 15:47:14 | INFO | P02 | Starting to process measurements periodically...
2026-08-31 15:47:14 | INFO | P02 | Max records to process: 10
2026-08-31 15:47:14 | INFO | P02 | Current count: 0
2026-08-31 15:47:14 | INFO | P02 | Item: Gentoo
2026-08-31 15:47:14 | INFO | P02 | -------------------------------
2026-08-31 15:47:14 | INFO | P02 | 04. TRANSFORM one list to another list.
2026-08-31 15:47:14 | INFO | P02 | -------------------------------
2026-08-31 15:47:14 | INFO | P02 | Capitalized column names: ['SPECIES', 'ISLAND', 'BILL_LENGTH_MM', 'BILL_DEPTH_MM', 'FLIPPER_LENGTH_MM', 'BODY_MASS_G', 'SEX', 'YEAR']
2026-08-31 15:47:14 | INFO | P02 | -------------------------------
2026-08-31 15:47:14 | INFO | P02 | 05. BRANCH based on conditions.
2026-08-31 15:47:14 | INFO | P02 | -------------------------------
2026-08-31 15:47:14 | INFO | P02 | Selected measurement column: bill_length_mm
2026-08-31 15:47:14 | INFO | P02 | Reason for choosing this measurement: 
Bill length varies across penguins.
There is no fixed cutoff, so we'll calculate the average
and assign a classification depending on a threshold
around the average value.

2026-08-31 15:47:14 | INFO | P02 | bill_length_mm - Minimum: 32.1
2026-08-31 15:47:14 | INFO | P02 | bill_length_mm - Maximum:  59.6
2026-08-31 15:47:14 | INFO | P02 | bill_length_mm - Mean:     43.9219298245614
2026-08-31 15:47:14 | INFO | P02 | -------------------------------
2026-08-31 15:47:14 | INFO | P02 | Sample bill_length_mm: 39.1
2026-08-31 15:47:14 | INFO | P02 | Short threshold multiplier: 0.9
2026-08-31 15:47:14 | INFO | P02 | Long threshold multiplier:  1.1
2026-08-31 15:47:14 | INFO | P02 | Short threshold: 39.529736842105265
2026-08-31 15:47:14 | INFO | P02 | Long threshold:  48.31412280701755
2026-08-31 15:47:14 | INFO | P02 | First row bill_length_mm classification: SHORT
2026-08-31 15:47:14 | INFO | P02 | -------------------------------
2026-08-31 15:47:14 | INFO | P02 | 06. REPEAT while a condition is true.
2026-08-31 15:47:14 | INFO | P02 | -------------------------------
2026-08-31 15:47:14 | INFO | P02 | Starting to process measurements periodically...
2026-08-31 15:47:14 | INFO | P02 | Max records to process: 10
2026-08-31 15:47:14 | INFO | P02 | Current count: 0
2026-08-31 15:47:14 | INFO | P02 | Item: Chinstrap
2026-08-31 15:47:14 | INFO | P02 | -------------------------------
2026-08-31 15:47:14 | INFO | P02 | 04. TRANSFORM one list to another list.
2026-08-31 15:47:14 | INFO | P02 | -------------------------------
2026-08-31 15:47:14 | INFO | P02 | Capitalized column names: ['SPECIES', 'ISLAND', 'BILL_LENGTH_MM', 'BILL_DEPTH_MM', 'FLIPPER_LENGTH_MM', 'BODY_MASS_G', 'SEX', 'YEAR']
2026-08-31 15:47:14 | INFO | P02 | -------------------------------
2026-08-31 15:47:14 | INFO | P02 | 05. BRANCH based on conditions.
2026-08-31 15:47:14 | INFO | P02 | -------------------------------
2026-08-31 15:47:14 | INFO | P02 | Selected measurement column: bill_length_mm
2026-08-31 15:47:14 | INFO | P02 | Reason for choosing this measurement: 
Bill length varies across penguins.
There is no fixed cutoff, so we'll calculate the average
and assign a classification depending on a threshold
around the average value.

2026-08-31 15:47:14 | INFO | P02 | bill_length_mm - Minimum: 32.1
2026-08-31 15:47:14 | INFO | P02 | bill_length_mm - Maximum:  59.6
2026-08-31 15:47:14 | INFO | P02 | bill_length_mm - Mean:     43.9219298245614
2026-08-31 15:47:14 | INFO | P02 | -------------------------------
2026-08-31 15:47:14 | INFO | P02 | Sample bill_length_mm: 39.1
2026-08-31 15:47:14 | INFO | P02 | Short threshold multiplier: 0.9
2026-08-31 15:47:14 | INFO | P02 | Long threshold multiplier:  1.1
2026-08-31 15:47:14 | INFO | P02 | Short threshold: 39.529736842105265
2026-08-31 15:47:14 | INFO | P02 | Long threshold:  48.31412280701755
2026-08-31 15:47:14 | INFO | P02 | First row bill_length_mm classification: SHORT
2026-08-31 15:47:14 | INFO | P02 | -------------------------------
2026-08-31 15:47:14 | INFO | P02 | 06. REPEAT while a condition is true.
2026-08-31 15:47:14 | INFO | P02 | -------------------------------
2026-08-31 15:47:14 | INFO | P02 | Starting to process measurements periodically...
2026-08-31 15:47:14 | INFO | P02 | Max records to process: 10
2026-08-31 15:47:14 | INFO | P02 | Current count: 0
2026-08-31 15:47:14 | INFO | P02 | Current bill_length_mm: 39.1
2026-08-31 15:47:14 | INFO | P02 | Updated count: 1
2026-08-31 15:47:14 | INFO | P02 | Current bill_length_mm: 39.5
2026-08-31 15:47:14 | INFO | P02 | Updated count: 2
2026-08-31 15:47:14 | INFO | P02 | Current bill_length_mm: 40.3
2026-08-31 15:47:14 | INFO | P02 | Updated count: 3
2026-08-31 15:47:14 | INFO | P02 | Current bill_length_mm: nan
2026-08-31 15:47:14 | INFO | P02 | Updated count: 4
2026-08-31 15:47:14 | INFO | P02 | Current bill_length_mm: 36.7
2026-08-31 15:47:14 | INFO | P02 | Updated count: 5
2026-08-31 15:47:14 | INFO | P02 | Current bill_length_mm: 39.3
2026-08-31 15:47:14 | INFO | P02 | Updated count: 6
2026-08-31 15:47:14 | INFO | P02 | Current bill_length_mm: 38.9
2026-08-31 15:47:14 | INFO | P02 | Updated count: 7
2026-08-31 15:47:14 | INFO | P02 | Current bill_length_mm: 39.2
2026-08-31 15:47:14 | INFO | P02 | Updated count: 8
2026-08-31 15:47:14 | INFO | P02 | Current bill_length_mm: 34.1
2026-08-31 15:47:14 | INFO | P02 | Updated count: 9
2026-08-31 15:47:14 | INFO | P02 | Current bill_length_mm: 42.0
2026-08-31 15:47:14 | INFO | P02 | Updated count: 10
2026-08-31 15:47:14 | INFO | P02 | Current bill_length_mm: 37.8
2026-08-31 15:47:14 | INFO | P02 | Updated count: 11
2026-08-31 15:47:14 | INFO | P02 | Current bill_length_mm: 37.8
2026-08-31 15:47:14 | INFO | P02 | Updated count: 12
2026-08-31 15:47:14 | INFO | P02 | Current bill_length_mm: 41.1
2026-08-31 15:47:14 | INFO | P02 | Updated count: 13
2026-08-31 15:47:14 | INFO | P02 | Current bill_length_mm: 38.6
2026-08-31 15:47:14 | INFO | P02 | Updated count: 14
2026-08-31 15:47:14 | INFO | P02 | Current bill_length_mm: 34.6
2026-08-31 15:47:14 | INFO | P02 | Updated count: 15
2026-08-31 15:47:14 | INFO | P02 | Current bill_length_mm: 36.6
2026-08-31 15:47:14 | INFO | P02 | Updated count: 16
2026-08-31 15:47:14 | INFO | P02 | Current bill_length_mm: 38.7
2026-08-31 15:47:14 | INFO | P02 | Updated count: 17
2026-08-31 15:47:14 | INFO | P02 | Current bill_length_mm: 42.5
2026-08-31 15:47:14 | INFO | P02 | Updated count: 18
2026-08-31 15:47:14 | INFO | P02 | Current bill_length_mm: 34.4
2026-08-31 15:47:14 | INFO | P02 | Updated count: 19
2026-08-31 15:47:14 | INFO | P02 | Current bill_length_mm: 46.0
2026-08-31 15:47:14 | INFO | P02 | Updated count: 20
2026-08-31 15:47:14 | INFO | P02 | Current bill_length_mm: 37.8
2026-08-31 15:47:14 | INFO | P02 | Updated count: 21
2026-08-31 15:47:14 | INFO | P02 | Current bill_length_mm: 37.7
2026-08-31 15:47:14 | INFO | P02 | Updated count: 22
2026-08-31 15:47:14 | INFO | P02 | Current bill_length_mm: 35.9
2026-08-31 15:47:14 | INFO | P02 | Updated count: 23
2026-08-31 15:47:14 | INFO | P02 | Current bill_length_mm: 38.2
2026-08-31 15:47:14 | INFO | P02 | Updated count: 24
2026-08-31 15:47:14 | INFO | P02 | Current bill_length_mm: 38.8
2026-08-31 15:47:14 | INFO | P02 | Updated count: 25
2026-08-31 15:47:14 | INFO | P02 | Current bill_length_mm: 35.3
2026-08-31 15:47:14 | INFO | P02 | Updated count: 26
2026-08-31 15:47:14 | INFO | P02 | Current bill_length_mm: 40.6
2026-08-31 15:47:14 | INFO | P02 | Updated count: 27
2026-08-31 15:47:14 | INFO | P02 | Current bill_length_mm: 40.5
2026-08-31 15:47:14 | INFO | P02 | Updated count: 28
2026-08-31 15:47:14 | INFO | P02 | Current bill_length_mm: 37.9
2026-08-31 15:47:14 | INFO | P02 | Updated count: 29
2026-08-31 15:47:14 | INFO | P02 | Current bill_length_mm: 40.5
2026-08-31 15:47:14 | INFO | P02 | Updated count: 30
2026-08-31 15:47:14 | INFO | P02 | Current bill_length_mm: 39.5
2026-08-31 15:47:14 | INFO | P02 | Updated count: 31
2026-08-31 15:47:14 | INFO | P02 | Current bill_length_mm: 37.2
2026-08-31 15:47:14 | INFO | P02 | Updated count: 32
2026-08-31 15:47:14 | INFO | P02 | Current bill_length_mm: 39.5
2026-08-31 15:47:14 | INFO | P02 | Updated count: 33
2026-08-31 15:47:14 | INFO | P02 | Current bill_length_mm: 40.9
2026-08-31 15:47:14 | INFO | P02 | Updated count: 34
2026-08-31 15:47:14 | INFO | P02 | Current bill_length_mm: 36.4
2026-08-31 15:47:14 | INFO | P02 | Updated count: 35
2026-08-31 15:47:14 | INFO | P02 | Current bill_length_mm: 39.2
2026-08-31 15:47:14 | INFO | P02 | Updated count: 36
2026-08-31 15:47:14 | INFO | P02 | Current bill_length_mm: 38.8
2026-08-31 15:47:14 | INFO | P02 | Updated count: 37
2026-08-31 15:47:14 | INFO | P02 | Current bill_length_mm: 42.2
2026-08-31 15:47:14 | INFO | P02 | Updated count: 38
2026-08-31 15:47:14 | INFO | P02 | Current bill_length_mm: 37.6
2026-08-31 15:47:14 | INFO | P02 | Updated count: 39
2026-08-31 15:47:14 | INFO | P02 | Current bill_length_mm: 39.8
2026-08-31 15:47:14 | INFO | P02 | Updated count: 40
2026-08-31 15:47:14 | INFO | P02 | Current bill_length_mm: 36.5
2026-08-31 15:47:14 | INFO | P02 | Updated count: 41
2026-08-31 15:47:14 | INFO | P02 | Current bill_length_mm: 40.8
2026-08-31 15:47:14 | INFO | P02 | Updated count: 42
2026-08-31 15:47:14 | INFO | P02 | Current bill_length_mm: 36.0
2026-08-31 15:47:14 | INFO | P02 | Updated count: 43
2026-08-31 15:47:14 | INFO | P02 | Current bill_length_mm: 44.1
2026-08-31 15:47:14 | INFO | P02 | Updated count: 44
2026-08-31 15:47:14 | INFO | P02 | Current bill_length_mm: 37.0
2026-08-31 15:47:14 | INFO | P02 | Updated count: 45
2026-08-31 15:47:14 | INFO | P02 | Current bill_length_mm: 39.6
2026-08-31 15:47:14 | INFO | P02 | Updated count: 46
2026-08-31 15:47:14 | INFO | P02 | Current bill_length_mm: 41.1
2026-08-31 15:47:14 | INFO | P02 | Updated count: 47
2026-08-31 15:47:14 | INFO | P02 | Current bill_length_mm: 37.5
2026-08-31 15:47:14 | INFO | P02 | Updated count: 48
2026-08-31 15:47:14 | INFO | P02 | Current bill_length_mm: 36.0
2026-08-31 15:47:14 | INFO | P02 | Updated count: 49
2026-08-31 15:47:14 | INFO | P02 | Current bill_length_mm: 42.3
2026-08-31 15:47:14 | INFO | P02 | Updated count: 50
2026-08-31 15:47:14 | INFO | P02 | Current bill_length_mm: 39.6
2026-08-31 15:47:14 | INFO | P02 | Updated count: 51
2026-08-31 15:47:14 | INFO | P02 | Current bill_length_mm: 40.1
2026-08-31 15:47:14 | INFO | P02 | Updated count: 52
2026-08-31 15:47:14 | INFO | P02 | Current bill_length_mm: 35.0
2026-08-31 15:47:14 | INFO | P02 | Updated count: 53
2026-08-31 15:47:14 | INFO | P02 | Current bill_length_mm: 42.0
2026-08-31 15:47:14 | INFO | P02 | Updated count: 54
2026-08-31 15:47:14 | INFO | P02 | Current bill_length_mm: 34.5
2026-08-31 15:47:14 | INFO | P02 | Updated count: 55
2026-08-31 15:47:14 | INFO | P02 | Current bill_length_mm: 41.4
2026-08-31 15:47:14 | INFO | P02 | Updated count: 56
2026-08-31 15:47:14 | INFO | P02 | Current bill_length_mm: 39.0
2026-08-31 15:47:14 | INFO | P02 | Updated count: 57
2026-08-31 15:47:14 | INFO | P02 | Current bill_length_mm: 40.6
2026-08-31 15:47:14 | INFO | P02 | Updated count: 58
2026-08-31 15:47:14 | INFO | P02 | Current bill_length_mm: 36.5
2026-08-31 15:47:14 | INFO | P02 | Updated count: 59
2026-08-31 15:47:14 | INFO | P02 | Current bill_length_mm: 37.6
2026-08-31 15:47:14 | INFO | P02 | Updated count: 60
2026-08-31 15:47:14 | INFO | P02 | Current bill_length_mm: 35.7
2026-08-31 15:47:14 | INFO | P02 | Updated count: 61
2026-08-31 15:47:14 | INFO | P02 | Current bill_length_mm: 41.3
2026-08-31 15:47:14 | INFO | P02 | Updated count: 62
2026-08-31 15:47:14 | INFO | P02 | Current bill_length_mm: 37.6
2026-08-31 15:47:14 | INFO | P02 | Updated count: 63
2026-08-31 15:47:14 | INFO | P02 | Current bill_length_mm: 41.1
2026-08-31 15:47:14 | INFO | P02 | Updated count: 64
2026-08-31 15:47:14 | INFO | P02 | Current bill_length_mm: 36.4
2026-08-31 15:47:14 | INFO | P02 | Updated count: 65
2026-08-31 15:47:14 | INFO | P02 | Current bill_length_mm: 41.6
2026-08-31 15:47:14 | INFO | P02 | Updated count: 66
2026-08-31 15:47:14 | INFO | P02 | Current bill_length_mm: 35.5
2026-08-31 15:47:14 | INFO | P02 | Updated count: 67
2026-08-31 15:47:14 | INFO | P02 | Current bill_length_mm: 41.1
2026-08-31 15:47:14 | INFO | P02 | Updated count: 68
2026-08-31 15:47:14 | INFO | P02 | Current bill_length_mm: 35.9
2026-08-31 15:47:14 | INFO | P02 | Updated count: 69
2026-08-31 15:47:14 | INFO | P02 | Current bill_length_mm: 41.8
2026-08-31 15:47:14 | INFO | P02 | Updated count: 70
2026-08-31 15:47:14 | INFO | P02 | Current bill_length_mm: 33.5
2026-08-31 15:47:14 | INFO | P02 | Updated count: 71
2026-08-31 15:47:14 | INFO | P02 | Current bill_length_mm: 39.7
2026-08-31 15:47:14 | INFO | P02 | Updated count: 72
2026-08-31 15:47:14 | INFO | P02 | Current bill_length_mm: 39.6
2026-08-31 15:47:14 | INFO | P02 | Updated count: 73
2026-08-31 15:47:14 | INFO | P02 | Current bill_length_mm: 45.8
2026-08-31 15:47:14 | INFO | P02 | Updated count: 74
2026-08-31 15:47:14 | INFO | P02 | Current bill_length_mm: 35.5
2026-08-31 15:47:14 | INFO | P02 | Updated count: 75
2026-08-31 15:47:14 | INFO | P02 | Current bill_length_mm: 42.8
2026-08-31 15:47:14 | INFO | P02 | Updated count: 76
2026-08-31 15:47:14 | INFO | P02 | Current bill_length_mm: 40.9
2026-08-31 15:47:14 | INFO | P02 | Updated count: 77
2026-08-31 15:47:14 | INFO | P02 | Current bill_length_mm: 37.2
2026-08-31 15:47:14 | INFO | P02 | Updated count: 78
2026-08-31 15:47:14 | INFO | P02 | Current bill_length_mm: 36.2
2026-08-31 15:47:14 | INFO | P02 | Updated count: 79
2026-08-31 15:47:14 | INFO | P02 | Current bill_length_mm: 42.1
2026-08-31 15:47:14 | INFO | P02 | Updated count: 80
2026-08-31 15:47:14 | INFO | P02 | Current bill_length_mm: 34.6
2026-08-31 15:47:14 | INFO | P02 | Updated count: 81
2026-08-31 15:47:14 | INFO | P02 | Current bill_length_mm: 42.9
2026-08-31 15:47:14 | INFO | P02 | Updated count: 82
2026-08-31 15:47:14 | INFO | P02 | Current bill_length_mm: 36.7
2026-08-31 15:47:14 | INFO | P02 | Updated count: 83
2026-08-31 15:47:14 | INFO | P02 | Current bill_length_mm: 35.1
2026-08-31 15:47:14 | INFO | P02 | Updated count: 84
2026-08-31 15:47:14 | INFO | P02 | Current bill_length_mm: 37.3
2026-08-31 15:47:14 | INFO | P02 | Updated count: 85
2026-08-31 15:47:14 | INFO | P02 | Current bill_length_mm: 41.3
2026-08-31 15:47:14 | INFO | P02 | Updated count: 86
2026-08-31 15:47:14 | INFO | P02 | Current bill_length_mm: 36.3
2026-08-31 15:47:14 | INFO | P02 | Updated count: 87
2026-08-31 15:47:14 | INFO | P02 | Current bill_length_mm: 36.9
2026-08-31 15:47:14 | INFO | P02 | Updated count: 88
2026-08-31 15:47:14 | INFO | P02 | Current bill_length_mm: 38.3
2026-08-31 15:47:14 | INFO | P02 | Updated count: 89
2026-08-31 15:47:14 | INFO | P02 | Current bill_length_mm: 38.9
2026-08-31 15:47:14 | INFO | P02 | Updated count: 90
2026-08-31 15:47:14 | INFO | P02 | Current bill_length_mm: 35.7
2026-08-31 15:47:14 | INFO | P02 | Updated count: 91
2026-08-31 15:47:14 | INFO | P02 | Current bill_length_mm: 41.1
2026-08-31 15:47:14 | INFO | P02 | Updated count: 92
2026-08-31 15:47:14 | INFO | P02 | Current bill_length_mm: 34.0
2026-08-31 15:47:14 | INFO | P02 | Updated count: 93
2026-08-31 15:47:14 | INFO | P02 | Current bill_length_mm: 39.6
2026-08-31 15:47:14 | INFO | P02 | Updated count: 94
2026-08-31 15:47:14 | INFO | P02 | Current bill_length_mm: 36.2
2026-08-31 15:47:14 | INFO | P02 | Updated count: 95
2026-08-31 15:47:14 | INFO | P02 | Current bill_length_mm: 40.8
2026-08-31 15:47:14 | INFO | P02 | Updated count: 96
2026-08-31 15:47:14 | INFO | P02 | Current bill_length_mm: 38.1
2026-08-31 15:47:14 | INFO | P02 | Updated count: 97
2026-08-31 15:47:14 | INFO | P02 | Current bill_length_mm: 40.3
2026-08-31 15:47:14 | INFO | P02 | Updated count: 98
2026-08-31 15:47:14 | INFO | P02 | Current bill_length_mm: 33.1
2026-08-31 15:47:14 | INFO | P02 | Updated count: 99
2026-08-31 15:47:14 | INFO | P02 | Current bill_length_mm: 43.2
2026-08-31 15:47:14 | INFO | P02 | Updated count: 100
2026-08-31 15:47:14 | INFO | P02 | Current bill_length_mm: 35.0
2026-08-31 15:47:14 | INFO | P02 | Updated count: 101
2026-08-31 15:47:14 | INFO | P02 | Current bill_length_mm: 41.0
2026-08-31 15:47:14 | INFO | P02 | Updated count: 102
2026-08-31 15:47:14 | INFO | P02 | Current bill_length_mm: 37.7
2026-08-31 15:47:14 | INFO | P02 | Updated count: 103
2026-08-31 15:47:14 | INFO | P02 | Current bill_length_mm: 37.8
2026-08-31 15:47:14 | INFO | P02 | Updated count: 104
2026-08-31 15:47:14 | INFO | P02 | Current bill_length_mm: 37.9
2026-08-31 15:47:14 | INFO | P02 | Updated count: 105
2026-08-31 15:47:14 | INFO | P02 | Current bill_length_mm: 39.7
2026-08-31 15:47:14 | INFO | P02 | Updated count: 106
2026-08-31 15:47:14 | INFO | P02 | Current bill_length_mm: 38.6
2026-08-31 15:47:14 | INFO | P02 | Updated count: 107
2026-08-31 15:47:14 | INFO | P02 | Current bill_length_mm: 38.2
2026-08-31 15:47:14 | INFO | P02 | Updated count: 108
2026-08-31 15:47:14 | INFO | P02 | Current bill_length_mm: 38.1
2026-08-31 15:47:14 | INFO | P02 | Updated count: 109
2026-08-31 15:47:14 | INFO | P02 | Current bill_length_mm: 43.2
2026-08-31 15:47:14 | INFO | P02 | Updated count: 110
2026-08-31 15:47:14 | INFO | P02 | Current bill_length_mm: 38.1
2026-08-31 15:47:14 | INFO | P02 | Updated count: 111
2026-08-31 15:47:14 | INFO | P02 | Current bill_length_mm: 45.6
2026-08-31 15:47:14 | INFO | P02 | Updated count: 112
2026-08-31 15:47:14 | INFO | P02 | Current bill_length_mm: 39.7
2026-08-31 15:47:14 | INFO | P02 | Updated count: 113
2026-08-31 15:47:14 | INFO | P02 | Current bill_length_mm: 42.2
2026-08-31 15:47:14 | INFO | P02 | Updated count: 114
2026-08-31 15:47:14 | INFO | P02 | Current bill_length_mm: 39.6
2026-08-31 15:47:14 | INFO | P02 | Updated count: 115
2026-08-31 15:47:14 | INFO | P02 | Current bill_length_mm: 42.7
2026-08-31 15:47:14 | INFO | P02 | Updated count: 116
2026-08-31 15:47:14 | INFO | P02 | Current bill_length_mm: 38.6
2026-08-31 15:47:14 | INFO | P02 | Updated count: 117
2026-08-31 15:47:14 | INFO | P02 | Current bill_length_mm: 37.3
2026-08-31 15:47:14 | INFO | P02 | Updated count: 118
2026-08-31 15:47:14 | INFO | P02 | Current bill_length_mm: 35.7
2026-08-31 15:47:14 | INFO | P02 | Updated count: 119
2026-08-31 15:47:14 | INFO | P02 | Current bill_length_mm: 41.1
2026-08-31 15:47:14 | INFO | P02 | Updated count: 120
2026-08-31 15:47:14 | INFO | P02 | Current bill_length_mm: 36.2
2026-08-31 15:47:14 | INFO | P02 | Updated count: 121
2026-08-31 15:47:14 | INFO | P02 | Current bill_length_mm: 37.7
2026-08-31 15:47:14 | INFO | P02 | Updated count: 122
2026-08-31 15:47:14 | INFO | P02 | Current bill_length_mm: 40.2
2026-08-31 15:47:14 | INFO | P02 | Updated count: 123
2026-08-31 15:47:14 | INFO | P02 | Current bill_length_mm: 41.4
2026-08-31 15:47:14 | INFO | P02 | Updated count: 124
2026-08-31 15:47:14 | INFO | P02 | Current bill_length_mm: 35.2
2026-08-31 15:47:14 | INFO | P02 | Updated count: 125
2026-08-31 15:47:14 | INFO | P02 | Current bill_length_mm: 40.6
2026-08-31 15:47:14 | INFO | P02 | Updated count: 126
2026-08-31 15:47:14 | INFO | P02 | Current bill_length_mm: 38.8
2026-08-31 15:47:14 | INFO | P02 | Updated count: 127
2026-08-31 15:47:14 | INFO | P02 | Current bill_length_mm: 41.5
2026-08-31 15:47:14 | INFO | P02 | Updated count: 128
2026-08-31 15:47:14 | INFO | P02 | Current bill_length_mm: 39.0
2026-08-31 15:47:14 | INFO | P02 | Updated count: 129
2026-08-31 15:47:14 | INFO | P02 | Current bill_length_mm: 44.1
2026-08-31 15:47:14 | INFO | P02 | Updated count: 130
2026-08-31 15:47:14 | INFO | P02 | Current bill_length_mm: 38.5
2026-08-31 15:47:14 | INFO | P02 | Updated count: 131
2026-08-31 15:47:14 | INFO | P02 | Current bill_length_mm: 43.1
2026-08-31 15:47:14 | INFO | P02 | Updated count: 132
2026-08-31 15:47:14 | INFO | P02 | Current bill_length_mm: 36.8
2026-08-31 15:47:14 | INFO | P02 | Updated count: 133
2026-08-31 15:47:14 | INFO | P02 | Current bill_length_mm: 37.5
2026-08-31 15:47:14 | INFO | P02 | Updated count: 134
2026-08-31 15:47:14 | INFO | P02 | Current bill_length_mm: 38.1
2026-08-31 15:47:14 | INFO | P02 | Updated count: 135
2026-08-31 15:47:14 | INFO | P02 | Current bill_length_mm: 41.1
2026-08-31 15:47:14 | INFO | P02 | Updated count: 136
2026-08-31 15:47:14 | INFO | P02 | Current bill_length_mm: 35.6
2026-08-31 15:47:14 | INFO | P02 | Updated count: 137
2026-08-31 15:47:14 | INFO | P02 | Current bill_length_mm: 40.2
2026-08-31 15:47:14 | INFO | P02 | Updated count: 138
2026-08-31 15:47:14 | INFO | P02 | Current bill_length_mm: 37.0
2026-08-31 15:47:14 | INFO | P02 | Updated count: 139
2026-08-31 15:47:14 | INFO | P02 | Current bill_length_mm: 39.7
2026-08-31 15:47:14 | INFO | P02 | Updated count: 140
2026-08-31 15:47:14 | INFO | P02 | Current bill_length_mm: 40.2
2026-08-31 15:47:14 | INFO | P02 | Updated count: 141
2026-08-31 15:47:14 | INFO | P02 | Current bill_length_mm: 40.6
2026-08-31 15:47:14 | INFO | P02 | Updated count: 142
2026-08-31 15:47:14 | INFO | P02 | Current bill_length_mm: 32.1
2026-08-31 15:47:14 | INFO | P02 | Updated count: 143
2026-08-31 15:47:14 | INFO | P02 | Current bill_length_mm: 40.7
2026-08-31 15:47:14 | INFO | P02 | Updated count: 144
2026-08-31 15:47:14 | INFO | P02 | Current bill_length_mm: 37.3
2026-08-31 15:47:14 | INFO | P02 | Updated count: 145
2026-08-31 15:47:14 | INFO | P02 | Current bill_length_mm: 39.0
2026-08-31 15:47:14 | INFO | P02 | Updated count: 146
2026-08-31 15:47:14 | INFO | P02 | Current bill_length_mm: 39.2
2026-08-31 15:47:14 | INFO | P02 | Updated count: 147
2026-08-31 15:47:14 | INFO | P02 | Current bill_length_mm: 36.6
2026-08-31 15:47:14 | INFO | P02 | Updated count: 148
2026-08-31 15:47:14 | INFO | P02 | Current bill_length_mm: 36.0
2026-08-31 15:47:14 | INFO | P02 | Updated count: 149
2026-08-31 15:47:14 | INFO | P02 | Current bill_length_mm: 37.8
2026-08-31 15:47:14 | INFO | P02 | Updated count: 150
2026-08-31 15:47:14 | INFO | P02 | Current bill_length_mm: 36.0
2026-08-31 15:47:14 | INFO | P02 | Updated count: 151
2026-08-31 15:47:14 | INFO | P02 | Current bill_length_mm: 41.5
2026-08-31 15:47:14 | INFO | P02 | Updated count: 152
2026-08-31 15:47:14 | INFO | P02 | Current bill_length_mm: 46.1
2026-08-31 15:47:14 | INFO | P02 | Updated count: 153
2026-08-31 15:47:14 | INFO | P02 | Current bill_length_mm: 50.0
2026-08-31 15:47:14 | INFO | P02 | Updated count: 154
2026-08-31 15:47:14 | INFO | P02 | Current bill_length_mm: 48.7
2026-08-31 15:47:14 | INFO | P02 | Updated count: 155
2026-08-31 15:47:14 | INFO | P02 | Current bill_length_mm: 50.0
2026-08-31 15:47:14 | INFO | P02 | Updated count: 156
2026-08-31 15:47:14 | INFO | P02 | Current bill_length_mm: 47.6
2026-08-31 15:47:14 | INFO | P02 | Updated count: 157
2026-08-31 15:47:14 | INFO | P02 | Current bill_length_mm: 46.5
2026-08-31 15:47:14 | INFO | P02 | Updated count: 158
2026-08-31 15:47:14 | INFO | P02 | Current bill_length_mm: 45.4
2026-08-31 15:47:14 | INFO | P02 | Updated count: 159
2026-08-31 15:47:14 | INFO | P02 | Current bill_length_mm: 46.7
2026-08-31 15:47:14 | INFO | P02 | Updated count: 160
2026-08-31 15:47:14 | INFO | P02 | Current bill_length_mm: 43.3
2026-08-31 15:47:14 | INFO | P02 | Updated count: 161
2026-08-31 15:47:14 | INFO | P02 | Current bill_length_mm: 46.8
2026-08-31 15:47:14 | INFO | P02 | Updated count: 162
2026-08-31 15:47:14 | INFO | P02 | Current bill_length_mm: 40.9
2026-08-31 15:47:14 | INFO | P02 | Updated count: 163
2026-08-31 15:47:14 | INFO | P02 | Current bill_length_mm: 49.0
2026-08-31 15:47:14 | INFO | P02 | Updated count: 164
2026-08-31 15:47:14 | INFO | P02 | Current bill_length_mm: 45.5
2026-08-31 15:47:14 | INFO | P02 | Updated count: 165
2026-08-31 15:47:14 | INFO | P02 | Current bill_length_mm: 48.4
2026-08-31 15:47:14 | INFO | P02 | Updated count: 166
2026-08-31 15:47:14 | INFO | P02 | Current bill_length_mm: 45.8
2026-08-31 15:47:14 | INFO | P02 | Updated count: 167
2026-08-31 15:47:14 | INFO | P02 | Current bill_length_mm: 49.3
2026-08-31 15:47:14 | INFO | P02 | Updated count: 168
2026-08-31 15:47:14 | INFO | P02 | Current bill_length_mm: 42.0
2026-08-31 15:47:14 | INFO | P02 | Updated count: 169
2026-08-31 15:47:14 | INFO | P02 | Current bill_length_mm: 49.2
2026-08-31 15:47:14 | INFO | P02 | Updated count: 170
2026-08-31 15:47:14 | INFO | P02 | Current bill_length_mm: 46.2
2026-08-31 15:47:14 | INFO | P02 | Updated count: 171
2026-08-31 15:47:14 | INFO | P02 | Current bill_length_mm: 48.7
2026-08-31 15:47:14 | INFO | P02 | Updated count: 172
2026-08-31 15:47:14 | INFO | P02 | Current bill_length_mm: 50.2
2026-08-31 15:47:14 | INFO | P02 | Updated count: 173
2026-08-31 15:47:14 | INFO | P02 | Current bill_length_mm: 45.1
2026-08-31 15:47:14 | INFO | P02 | Updated count: 174
2026-08-31 15:47:14 | INFO | P02 | Current bill_length_mm: 46.5
2026-08-31 15:47:14 | INFO | P02 | Updated count: 175
2026-08-31 15:47:14 | INFO | P02 | Current bill_length_mm: 46.3
2026-08-31 15:47:14 | INFO | P02 | Updated count: 176
2026-08-31 15:47:14 | INFO | P02 | Current bill_length_mm: 42.9
2026-08-31 15:47:14 | INFO | P02 | Updated count: 177
2026-08-31 15:47:14 | INFO | P02 | Current bill_length_mm: 46.1
2026-08-31 15:47:14 | INFO | P02 | Updated count: 178
2026-08-31 15:47:14 | INFO | P02 | Current bill_length_mm: 44.5
2026-08-31 15:47:14 | INFO | P02 | Updated count: 179
2026-08-31 15:47:14 | INFO | P02 | Current bill_length_mm: 47.8
2026-08-31 15:47:14 | INFO | P02 | Updated count: 180
2026-08-31 15:47:14 | INFO | P02 | Current bill_length_mm: 48.2
2026-08-31 15:47:14 | INFO | P02 | Updated count: 181
2026-08-31 15:47:14 | INFO | P02 | Current bill_length_mm: 50.0
2026-08-31 15:47:14 | INFO | P02 | Updated count: 182
2026-08-31 15:47:14 | INFO | P02 | Current bill_length_mm: 47.3
2026-08-31 15:47:14 | INFO | P02 | Updated count: 183
2026-08-31 15:47:14 | INFO | P02 | Current bill_length_mm: 42.8
2026-08-31 15:47:14 | INFO | P02 | Updated count: 184
2026-08-31 15:47:14 | INFO | P02 | Current bill_length_mm: 45.1
2026-08-31 15:47:14 | INFO | P02 | Updated count: 185
2026-08-31 15:47:14 | INFO | P02 | Current bill_length_mm: 59.6
2026-08-31 15:47:14 | INFO | P02 | Updated count: 186
2026-08-31 15:47:14 | INFO | P02 | Current bill_length_mm: 49.1
2026-08-31 15:47:14 | INFO | P02 | Updated count: 187
2026-08-31 15:47:14 | INFO | P02 | Current bill_length_mm: 48.4
2026-08-31 15:47:14 | INFO | P02 | Updated count: 188
2026-08-31 15:47:14 | INFO | P02 | Current bill_length_mm: 42.6
2026-08-31 15:47:14 | INFO | P02 | Updated count: 189
2026-08-31 15:47:14 | INFO | P02 | Current bill_length_mm: 44.4
2026-08-31 15:47:14 | INFO | P02 | Updated count: 190
2026-08-31 15:47:14 | INFO | P02 | Current bill_length_mm: 44.0
2026-08-31 15:47:14 | INFO | P02 | Updated count: 191
2026-08-31 15:47:14 | INFO | P02 | Current bill_length_mm: 48.7
2026-08-31 15:47:14 | INFO | P02 | Updated count: 192
2026-08-31 15:47:14 | INFO | P02 | Current bill_length_mm: 42.7
2026-08-31 15:47:14 | INFO | P02 | Updated count: 193
2026-08-31 15:47:14 | INFO | P02 | Current bill_length_mm: 49.6
2026-08-31 15:47:14 | INFO | P02 | Updated count: 194
2026-08-31 15:47:14 | INFO | P02 | Current bill_length_mm: 45.3
2026-08-31 15:47:14 | INFO | P02 | Updated count: 195
2026-08-31 15:47:14 | INFO | P02 | Current bill_length_mm: 49.6
2026-08-31 15:47:14 | INFO | P02 | Updated count: 196
2026-08-31 15:47:14 | INFO | P02 | Current bill_length_mm: 50.5
2026-08-31 15:47:14 | INFO | P02 | Updated count: 197
2026-08-31 15:47:14 | INFO | P02 | Current bill_length_mm: 43.6
2026-08-31 15:47:14 | INFO | P02 | Updated count: 198
2026-08-31 15:47:14 | INFO | P02 | Current bill_length_mm: 45.5
2026-08-31 15:47:14 | INFO | P02 | Updated count: 199
2026-08-31 15:47:14 | INFO | P02 | Current bill_length_mm: 50.5
2026-08-31 15:47:14 | INFO | P02 | Updated count: 200
2026-08-31 15:47:14 | INFO | P02 | Current bill_length_mm: 44.9
2026-08-31 15:47:14 | INFO | P02 | Updated count: 201
2026-08-31 15:47:14 | INFO | P02 | Current bill_length_mm: 45.2
2026-08-31 15:47:14 | INFO | P02 | Updated count: 202
2026-08-31 15:47:14 | INFO | P02 | Current bill_length_mm: 46.6
2026-08-31 15:47:14 | INFO | P02 | Updated count: 203
2026-08-31 15:47:14 | INFO | P02 | Current bill_length_mm: 48.5
2026-08-31 15:47:14 | INFO | P02 | Updated count: 204
2026-08-31 15:47:14 | INFO | P02 | Current bill_length_mm: 45.1
2026-08-31 15:47:14 | INFO | P02 | Updated count: 205
2026-08-31 15:47:14 | INFO | P02 | Current bill_length_mm: 50.1
2026-08-31 15:47:14 | INFO | P02 | Updated count: 206
2026-08-31 15:47:14 | INFO | P02 | Current bill_length_mm: 46.5
2026-08-31 15:47:14 | INFO | P02 | Updated count: 207
2026-08-31 15:47:14 | INFO | P02 | Current bill_length_mm: 45.0
2026-08-31 15:47:14 | INFO | P02 | Updated count: 208
2026-08-31 15:47:14 | INFO | P02 | Current bill_length_mm: 43.8
2026-08-31 15:47:14 | INFO | P02 | Updated count: 209
2026-08-31 15:47:14 | INFO | P02 | Current bill_length_mm: 45.5
2026-08-31 15:47:14 | INFO | P02 | Updated count: 210
2026-08-31 15:47:14 | INFO | P02 | Current bill_length_mm: 43.2
2026-08-31 15:47:14 | INFO | P02 | Updated count: 211
2026-08-31 15:47:14 | INFO | P02 | Current bill_length_mm: 50.4
2026-08-31 15:47:14 | INFO | P02 | Updated count: 212
2026-08-31 15:47:14 | INFO | P02 | Current bill_length_mm: 45.3
2026-08-31 15:47:14 | INFO | P02 | Updated count: 213
2026-08-31 15:47:14 | INFO | P02 | Current bill_length_mm: 46.2
2026-08-31 15:47:14 | INFO | P02 | Updated count: 214
2026-08-31 15:47:14 | INFO | P02 | Current bill_length_mm: 45.7
2026-08-31 15:47:14 | INFO | P02 | Updated count: 215
2026-08-31 15:47:14 | INFO | P02 | Current bill_length_mm: 54.3
2026-08-31 15:47:14 | INFO | P02 | Updated count: 216
2026-08-31 15:47:14 | INFO | P02 | Current bill_length_mm: 45.8
2026-08-31 15:47:14 | INFO | P02 | Updated count: 217
2026-08-31 15:47:14 | INFO | P02 | Current bill_length_mm: 49.8
2026-08-31 15:47:14 | INFO | P02 | Updated count: 218
2026-08-31 15:47:14 | INFO | P02 | Current bill_length_mm: 46.2
2026-08-31 15:47:14 | INFO | P02 | Updated count: 219
2026-08-31 15:47:14 | INFO | P02 | Current bill_length_mm: 49.5
2026-08-31 15:47:14 | INFO | P02 | Updated count: 220
2026-08-31 15:47:14 | INFO | P02 | Current bill_length_mm: 43.5
2026-08-31 15:47:14 | INFO | P02 | Updated count: 221
2026-08-31 15:47:14 | INFO | P02 | Current bill_length_mm: 50.7
2026-08-31 15:47:14 | INFO | P02 | Updated count: 222
2026-08-31 15:47:14 | INFO | P02 | Current bill_length_mm: 47.7
2026-08-31 15:47:14 | INFO | P02 | Updated count: 223
2026-08-31 15:47:14 | INFO | P02 | Current bill_length_mm: 46.4
2026-08-31 15:47:14 | INFO | P02 | Updated count: 224
2026-08-31 15:47:14 | INFO | P02 | Current bill_length_mm: 48.2
2026-08-31 15:47:14 | INFO | P02 | Updated count: 225
2026-08-31 15:47:14 | INFO | P02 | Current bill_length_mm: 46.5
2026-08-31 15:47:14 | INFO | P02 | Updated count: 226
2026-08-31 15:47:14 | INFO | P02 | Current bill_length_mm: 46.4
2026-08-31 15:47:14 | INFO | P02 | Updated count: 227
2026-08-31 15:47:14 | INFO | P02 | Current bill_length_mm: 48.6
2026-08-31 15:47:14 | INFO | P02 | Updated count: 228
2026-08-31 15:47:14 | INFO | P02 | Current bill_length_mm: 47.5
2026-08-31 15:47:14 | INFO | P02 | Updated count: 229
2026-08-31 15:47:14 | INFO | P02 | Current bill_length_mm: 51.1
2026-08-31 15:47:14 | INFO | P02 | Updated count: 230
2026-08-31 15:47:14 | INFO | P02 | Current bill_length_mm: 45.2
2026-08-31 15:47:14 | INFO | P02 | Updated count: 231
2026-08-31 15:47:14 | INFO | P02 | Current bill_length_mm: 45.2
2026-08-31 15:47:14 | INFO | P02 | Updated count: 232
2026-08-31 15:47:14 | INFO | P02 | Current bill_length_mm: 49.1
2026-08-31 15:47:14 | INFO | P02 | Updated count: 233
2026-08-31 15:47:14 | INFO | P02 | Current bill_length_mm: 52.5
2026-08-31 15:47:14 | INFO | P02 | Updated count: 234
2026-08-31 15:47:14 | INFO | P02 | Current bill_length_mm: 47.4
2026-08-31 15:47:14 | INFO | P02 | Updated count: 235
2026-08-31 15:47:14 | INFO | P02 | Current bill_length_mm: 50.0
2026-08-31 15:47:14 | INFO | P02 | Updated count: 236
2026-08-31 15:47:14 | INFO | P02 | Current bill_length_mm: 44.9
2026-08-31 15:47:14 | INFO | P02 | Updated count: 237
2026-08-31 15:47:14 | INFO | P02 | Current bill_length_mm: 50.8
2026-08-31 15:47:14 | INFO | P02 | Updated count: 238
2026-08-31 15:47:14 | INFO | P02 | Current bill_length_mm: 43.4
2026-08-31 15:47:14 | INFO | P02 | Updated count: 239
2026-08-31 15:47:14 | INFO | P02 | Current bill_length_mm: 51.3
2026-08-31 15:47:14 | INFO | P02 | Updated count: 240
2026-08-31 15:47:14 | INFO | P02 | Current bill_length_mm: 47.5
2026-08-31 15:47:14 | INFO | P02 | Updated count: 241
2026-08-31 15:47:14 | INFO | P02 | Current bill_length_mm: 52.1
2026-08-31 15:47:14 | INFO | P02 | Updated count: 242
2026-08-31 15:47:14 | INFO | P02 | Current bill_length_mm: 47.5
2026-08-31 15:47:14 | INFO | P02 | Updated count: 243
2026-08-31 15:47:14 | INFO | P02 | Current bill_length_mm: 52.2
2026-08-31 15:47:14 | INFO | P02 | Updated count: 244
2026-08-31 15:47:14 | INFO | P02 | Current bill_length_mm: 45.5
2026-08-31 15:47:14 | INFO | P02 | Updated count: 245
2026-08-31 15:47:14 | INFO | P02 | Current bill_length_mm: 49.5
2026-08-31 15:47:14 | INFO | P02 | Updated count: 246
2026-08-31 15:47:14 | INFO | P02 | Current bill_length_mm: 44.5
2026-08-31 15:47:14 | INFO | P02 | Updated count: 247
2026-08-31 15:47:14 | INFO | P02 | Current bill_length_mm: 50.8
2026-08-31 15:47:14 | INFO | P02 | Updated count: 248
2026-08-31 15:47:14 | INFO | P02 | Current bill_length_mm: 49.4
2026-08-31 15:47:14 | INFO | P02 | Updated count: 249
2026-08-31 15:47:14 | INFO | P02 | Current bill_length_mm: 46.9
2026-08-31 15:47:14 | INFO | P02 | Updated count: 250
2026-08-31 15:47:14 | INFO | P02 | Current bill_length_mm: 48.4
2026-08-31 15:47:14 | INFO | P02 | Updated count: 251
2026-08-31 15:47:14 | INFO | P02 | Current bill_length_mm: 51.1
2026-08-31 15:47:14 | INFO | P02 | Updated count: 252
2026-08-31 15:47:14 | INFO | P02 | Current bill_length_mm: 48.5
2026-08-31 15:47:14 | INFO | P02 | Updated count: 253
2026-08-31 15:47:14 | INFO | P02 | Current bill_length_mm: 55.9
2026-08-31 15:47:14 | INFO | P02 | Updated count: 254
2026-08-31 15:47:14 | INFO | P02 | Current bill_length_mm: 47.2
2026-08-31 15:47:14 | INFO | P02 | Updated count: 255
2026-08-31 15:47:14 | INFO | P02 | Current bill_length_mm: 49.1
2026-08-31 15:47:14 | INFO | P02 | Updated count: 256
2026-08-31 15:47:14 | INFO | P02 | Current bill_length_mm: 47.3
2026-08-31 15:47:14 | INFO | P02 | Updated count: 257
2026-08-31 15:47:14 | INFO | P02 | Current bill_length_mm: 46.8
2026-08-31 15:47:14 | INFO | P02 | Updated count: 258
2026-08-31 15:47:14 | INFO | P02 | Current bill_length_mm: 41.7
2026-08-31 15:47:14 | INFO | P02 | Updated count: 259
2026-08-31 15:47:14 | INFO | P02 | Current bill_length_mm: 53.4
2026-08-31 15:47:14 | INFO | P02 | Updated count: 260
2026-08-31 15:47:14 | INFO | P02 | Current bill_length_mm: 43.3
2026-08-31 15:47:14 | INFO | P02 | Updated count: 261
2026-08-31 15:47:14 | INFO | P02 | Current bill_length_mm: 48.1
2026-08-31 15:47:14 | INFO | P02 | Updated count: 262
2026-08-31 15:47:14 | INFO | P02 | Current bill_length_mm: 50.5
2026-08-31 15:47:14 | INFO | P02 | Updated count: 263
2026-08-31 15:47:14 | INFO | P02 | Current bill_length_mm: 49.8
2026-08-31 15:47:14 | INFO | P02 | Updated count: 264
2026-08-31 15:47:14 | INFO | P02 | Current bill_length_mm: 43.5
2026-08-31 15:47:14 | INFO | P02 | Updated count: 265
2026-08-31 15:47:14 | INFO | P02 | Current bill_length_mm: 51.5
2026-08-31 15:47:14 | INFO | P02 | Updated count: 266
2026-08-31 15:47:14 | INFO | P02 | Current bill_length_mm: 46.2
2026-08-31 15:47:14 | INFO | P02 | Updated count: 267
2026-08-31 15:47:14 | INFO | P02 | Current bill_length_mm: 55.1
2026-08-31 15:47:14 | INFO | P02 | Updated count: 268
2026-08-31 15:47:14 | INFO | P02 | Current bill_length_mm: 44.5
2026-08-31 15:47:14 | INFO | P02 | Updated count: 269
2026-08-31 15:47:14 | INFO | P02 | Current bill_length_mm: 48.8
2026-08-31 15:47:14 | INFO | P02 | Updated count: 270
2026-08-31 15:47:14 | INFO | P02 | Current bill_length_mm: 47.2
2026-08-31 15:47:14 | INFO | P02 | Updated count: 271
2026-08-31 15:47:14 | INFO | P02 | Current bill_length_mm: nan
2026-08-31 15:47:14 | INFO | P02 | Updated count: 272
2026-08-31 15:47:14 | INFO | P02 | Current bill_length_mm: 46.8
2026-08-31 15:47:14 | INFO | P02 | Updated count: 273
2026-08-31 15:47:14 | INFO | P02 | Current bill_length_mm: 50.4
2026-08-31 15:47:14 | INFO | P02 | Updated count: 274
2026-08-31 15:47:14 | INFO | P02 | Current bill_length_mm: 45.2
2026-08-31 15:47:14 | INFO | P02 | Updated count: 275
2026-08-31 15:47:14 | INFO | P02 | Current bill_length_mm: 49.9
2026-08-31 15:47:14 | INFO | P02 | Updated count: 276
2026-08-31 15:47:14 | INFO | P02 | Current bill_length_mm: 46.5
2026-08-31 15:47:14 | INFO | P02 | Updated count: 277
2026-08-31 15:47:14 | INFO | P02 | Current bill_length_mm: 50.0
2026-08-31 15:47:14 | INFO | P02 | Updated count: 278
2026-08-31 15:47:14 | INFO | P02 | Current bill_length_mm: 51.3
2026-08-31 15:47:14 | INFO | P02 | Updated count: 279
2026-08-31 15:47:14 | INFO | P02 | Current bill_length_mm: 45.4
2026-08-31 15:47:14 | INFO | P02 | Updated count: 280
2026-08-31 15:47:14 | INFO | P02 | Current bill_length_mm: 52.7
2026-08-31 15:47:14 | INFO | P02 | Updated count: 281
2026-08-31 15:47:14 | INFO | P02 | Current bill_length_mm: 45.2
2026-08-31 15:47:14 | INFO | P02 | Updated count: 282
2026-08-31 15:47:14 | INFO | P02 | Current bill_length_mm: 46.1
2026-08-31 15:47:14 | INFO | P02 | Updated count: 283
2026-08-31 15:47:14 | INFO | P02 | Current bill_length_mm: 51.3
2026-08-31 15:47:14 | INFO | P02 | Updated count: 284
2026-08-31 15:47:14 | INFO | P02 | Current bill_length_mm: 46.0
2026-08-31 15:47:14 | INFO | P02 | Updated count: 285
2026-08-31 15:47:14 | INFO | P02 | Current bill_length_mm: 51.3
2026-08-31 15:47:14 | INFO | P02 | Updated count: 286
2026-08-31 15:47:14 | INFO | P02 | Current bill_length_mm: 46.6
2026-08-31 15:47:14 | INFO | P02 | Updated count: 287
2026-08-31 15:47:14 | INFO | P02 | Current bill_length_mm: 51.7
2026-08-31 15:47:14 | INFO | P02 | Updated count: 288
2026-08-31 15:47:14 | INFO | P02 | Current bill_length_mm: 47.0
2026-08-31 15:47:14 | INFO | P02 | Updated count: 289
2026-08-31 15:47:14 | INFO | P02 | Current bill_length_mm: 52.0
2026-08-31 15:47:14 | INFO | P02 | Updated count: 290
2026-08-31 15:47:14 | INFO | P02 | Current bill_length_mm: 45.9
2026-08-31 15:47:14 | INFO | P02 | Updated count: 291
2026-08-31 15:47:14 | INFO | P02 | Current bill_length_mm: 50.5
2026-08-31 15:47:14 | INFO | P02 | Updated count: 292
2026-08-31 15:47:14 | INFO | P02 | Current bill_length_mm: 50.3
2026-08-31 15:47:14 | INFO | P02 | Updated count: 293
2026-08-31 15:47:14 | INFO | P02 | Current bill_length_mm: 58.0
2026-08-31 15:47:14 | INFO | P02 | Updated count: 294
2026-08-31 15:47:14 | INFO | P02 | Current bill_length_mm: 46.4
2026-08-31 15:47:14 | INFO | P02 | Updated count: 295
2026-08-31 15:47:14 | INFO | P02 | Current bill_length_mm: 49.2
2026-08-31 15:47:14 | INFO | P02 | Updated count: 296
2026-08-31 15:47:14 | INFO | P02 | Current bill_length_mm: 42.4
2026-08-31 15:47:14 | INFO | P02 | Updated count: 297
2026-08-31 15:47:14 | INFO | P02 | Current bill_length_mm: 48.5
2026-08-31 15:47:14 | INFO | P02 | Updated count: 298
2026-08-31 15:47:14 | INFO | P02 | Current bill_length_mm: 43.2
2026-08-31 15:47:14 | INFO | P02 | Updated count: 299
2026-08-31 15:47:14 | INFO | P02 | Current bill_length_mm: 50.6
2026-08-31 15:47:14 | INFO | P02 | Updated count: 300
2026-08-31 15:47:14 | INFO | P02 | Current bill_length_mm: 46.7
2026-08-31 15:47:14 | INFO | P02 | Updated count: 301
2026-08-31 15:47:14 | INFO | P02 | Current bill_length_mm: 52.0
2026-08-31 15:47:14 | INFO | P02 | Updated count: 302
2026-08-31 15:47:14 | INFO | P02 | Current bill_length_mm: 50.5
2026-08-31 15:47:14 | INFO | P02 | Updated count: 303
2026-08-31 15:47:14 | INFO | P02 | Current bill_length_mm: 49.5
2026-08-31 15:47:14 | INFO | P02 | Updated count: 304
2026-08-31 15:47:14 | INFO | P02 | Current bill_length_mm: 46.4
2026-08-31 15:47:14 | INFO | P02 | Updated count: 305
2026-08-31 15:47:14 | INFO | P02 | Current bill_length_mm: 52.8
2026-08-31 15:47:14 | INFO | P02 | Updated count: 306
2026-08-31 15:47:14 | INFO | P02 | Current bill_length_mm: 40.9
2026-08-31 15:47:14 | INFO | P02 | Updated count: 307
2026-08-31 15:47:14 | INFO | P02 | Current bill_length_mm: 54.2
2026-08-31 15:47:14 | INFO | P02 | Updated count: 308
2026-08-31 15:47:14 | INFO | P02 | Current bill_length_mm: 42.5
2026-08-31 15:47:14 | INFO | P02 | Updated count: 309
2026-08-31 15:47:14 | INFO | P02 | Current bill_length_mm: 51.0
2026-08-31 15:47:14 | INFO | P02 | Updated count: 310
2026-08-31 15:47:14 | INFO | P02 | Current bill_length_mm: 49.7
2026-08-31 15:47:14 | INFO | P02 | Updated count: 311
2026-08-31 15:47:14 | INFO | P02 | Current bill_length_mm: 47.5
2026-08-31 15:47:14 | INFO | P02 | Updated count: 312
2026-08-31 15:47:14 | INFO | P02 | Current bill_length_mm: 47.6
2026-08-31 15:47:14 | INFO | P02 | Updated count: 313
2026-08-31 15:47:14 | INFO | P02 | Current bill_length_mm: 52.0
2026-08-31 15:47:14 | INFO | P02 | Updated count: 314
2026-08-31 15:47:14 | INFO | P02 | Current bill_length_mm: 46.9
2026-08-31 15:47:14 | INFO | P02 | Updated count: 315
2026-08-31 15:47:14 | INFO | P02 | Current bill_length_mm: 53.5
2026-08-31 15:47:14 | INFO | P02 | Updated count: 316
2026-08-31 15:47:14 | INFO | P02 | Current bill_length_mm: 49.0
2026-08-31 15:47:14 | INFO | P02 | Updated count: 317
2026-08-31 15:47:14 | INFO | P02 | Current bill_length_mm: 46.2
2026-08-31 15:47:14 | INFO | P02 | Updated count: 318
2026-08-31 15:47:14 | INFO | P02 | Current bill_length_mm: 50.9
2026-08-31 15:47:14 | INFO | P02 | Updated count: 319
2026-08-31 15:47:14 | INFO | P02 | Current bill_length_mm: 45.5
2026-08-31 15:47:14 | INFO | P02 | Updated count: 320
2026-08-31 15:47:14 | INFO | P02 | Current bill_length_mm: 50.9
2026-08-31 15:47:14 | INFO | P02 | Updated count: 321
2026-08-31 15:47:14 | INFO | P02 | Current bill_length_mm: 50.8
2026-08-31 15:47:14 | INFO | P02 | Updated count: 322
2026-08-31 15:47:14 | INFO | P02 | Current bill_length_mm: 50.1
2026-08-31 15:47:14 | INFO | P02 | Updated count: 323
2026-08-31 15:47:14 | INFO | P02 | Current bill_length_mm: 49.0
2026-08-31 15:47:14 | INFO | P02 | Updated count: 324
2026-08-31 15:47:14 | INFO | P02 | Current bill_length_mm: 51.5
2026-08-31 15:47:14 | INFO | P02 | Updated count: 325
2026-08-31 15:47:14 | INFO | P02 | Current bill_length_mm: 49.8
2026-08-31 15:47:14 | INFO | P02 | Updated count: 326
2026-08-31 15:47:14 | INFO | P02 | Current bill_length_mm: 48.1
2026-08-31 15:47:14 | INFO | P02 | Updated count: 327
2026-08-31 15:47:14 | INFO | P02 | Current bill_length_mm: 51.4
2026-08-31 15:47:14 | INFO | P02 | Updated count: 328
2026-08-31 15:47:14 | INFO | P02 | Current bill_length_mm: 45.7
2026-08-31 15:47:14 | INFO | P02 | Updated count: 329
2026-08-31 15:47:14 | INFO | P02 | Current bill_length_mm: 50.7
2026-08-31 15:47:14 | INFO | P02 | Updated count: 330
2026-08-31 15:47:14 | INFO | P02 | Current bill_length_mm: 42.5
2026-08-31 15:47:14 | INFO | P02 | Updated count: 331
2026-08-31 15:47:14 | INFO | P02 | Current bill_length_mm: 52.2
2026-08-31 15:47:14 | INFO | P02 | Updated count: 332
2026-08-31 15:47:14 | INFO | P02 | Current bill_length_mm: 45.2
2026-08-31 15:47:14 | INFO | P02 | Updated count: 333
2026-08-31 15:47:14 | INFO | P02 | Current bill_length_mm: 49.3
2026-08-31 15:47:14 | INFO | P02 | Updated count: 334
2026-08-31 15:47:14 | INFO | P02 | Current bill_length_mm: 50.2
2026-08-31 15:47:14 | INFO | P02 | Updated count: 335
2026-08-31 15:47:14 | INFO | P02 | Current bill_length_mm: 45.6
2026-08-31 15:47:14 | INFO | P02 | Updated count: 336
2026-08-31 15:47:14 | INFO | P02 | Current bill_length_mm: 51.9
2026-08-31 15:47:14 | INFO | P02 | Updated count: 337
2026-08-31 15:47:14 | INFO | P02 | Current bill_length_mm: 46.8
2026-08-31 15:47:14 | INFO | P02 | Updated count: 338
2026-08-31 15:47:14 | INFO | P02 | Current bill_length_mm: 45.7
2026-08-31 15:47:14 | INFO | P02 | Updated count: 339
2026-08-31 15:47:14 | INFO | P02 | Current bill_length_mm: 55.8
2026-08-31 15:47:14 | INFO | P02 | Updated count: 340
2026-08-31 15:47:14 | INFO | P02 | Current bill_length_mm: 43.5
2026-08-31 15:47:14 | INFO | P02 | Updated count: 341
2026-08-31 15:47:14 | INFO | P02 | Current bill_length_mm: 49.6
2026-08-31 15:47:14 | INFO | P02 | Updated count: 342
2026-08-31 15:47:14 | INFO | P02 | Current bill_length_mm: 50.8
2026-08-31 15:47:14 | INFO | P02 | Updated count: 343
2026-08-31 15:47:14 | INFO | P02 | Current bill_length_mm: 50.2
2026-08-31 15:47:14 | INFO | P02 | Updated count: 344
2026-08-31 15:47:14 | INFO | P02 | -------------------------------
2026-08-31 15:47:14 | INFO | P02 | 07. Show first 5 rows of dataframe including the classification.
2026-08-31 15:47:14 | INFO | P02 | -------------------------------
2026-08-31 15:47:14 | INFO | P02 | -------------------------------
2026-08-31 15:47:14 | INFO | P02 | 08. VISUALIZE the selected measurement.
2026-08-31 15:47:14 | INFO | P02 | -------------------------------
2026-08-31 15:47:14 | INFO | P02 | Creating a chart to visualize the selected measurement.
2026-08-31 15:47:14 | INFO | P02 | We selected one numeric column, so let's look at the distribution.
2026-08-31 15:47:15 | INFO | P02 | Chart saved successfully at docs/images/measurement-distribution.png.
2026-08-31 15:47:15 | INFO | P02 | IMPORTANT: Close chart window to continue by clicking its X or close button.
2026-08-31 15:47:17 | INFO | P02 | ===================================
2026-08-31 15:47:17 | INFO | P02 | END main() - Executed successfully!
2026-08-31 15:47:17 | INFO | P02 | ===================================
2026-08-31 15:47:17 | INFO | P02 | === RUN START ===
2026-08-31 15:47:17 | INFO | P02 | project=P02
2026-08-31 15:47:17 | INFO | P02 | repo_dir=datafun-02-automation
2026-08-31 15:47:17 | INFO | P02 | python=3.14.7
2026-08-31 15:47:17 | INFO | P02 | os=Darwin 23.5.0
2026-08-31 15:47:17 | INFO | P02 | shell=zsh
2026-08-31 15:47:17 | INFO | P02 | cwd=.
2026-08-31 15:47:17 | INFO | P02 | github_actions=False
2026-08-31 15:47:17 | INFO | P02 | ===================================
2026-08-31 15:47:17 | INFO | P02 | START main()
2026-08-31 15:47:17 | INFO | P02 | ===================================
2026-08-31 15:47:17 | INFO | P02 | -------------------------------
2026-08-31 15:47:17 | INFO | P02 | 01. LOAD the data.
2026-08-31 15:47:17 | INFO | P02 | -------------------------------
2026-08-31 15:47:17 | INFO | P02 | data file = data/penguins.csv
